id,firstname,lastname,email,email2,profession,Field Name
100,Lindie,Gherardo,Lindie.Gherardo@yopmail.com,Lindie.Gherardo@gmail.com,developer,1
101,Tatiania,Rosemary,Tatiania.Rosemary@yopmail.com,Tatiania.Rosemary@gmail.com,doctor,2
102,Vere,Palocz,Vere.Palocz@yopmail.com,Vere.Palocz@gmail.com,worker,3
103,Jordan,Zitvaa,Jordan.Zitvaa@yopmail.com,Jordan.Zitvaa@gmail.com,firefighter,4
104,Bernardine,Tarrant,Bernardine.Tarrant@yopmail.com,Bernardine.Tarrant@gmail.com,developer,5
105,Sabina,Laurianne,Sabina.Laurianne@yopmail.com,Sabina.Laurianne@gmail.com,police officer,6
106,Danny,Kinnard,Danny.Kinnard@yopmail.com,Danny.Kinnard@gmail.com,firefighter,7
107,Jean,Haymes,Jean.Haymes@yopmail.com,Jean.Haymes@gmail.com,police officer,8
108,Gianina,Lubin,Gianina.Lubin@yopmail.com,Gianina.Lubin@gmail.com,police officer,9
109,Tamqrah,Kirbee,Tamqrah.Kirbee@yopmail.com,Tamqrah.Kirbee@gmail.com,firefighter,10
110,Lolita,Israeli,Lolita.Israeli@yopmail.com,Lolita.Israeli@gmail.com,developer,11
111,Shauna,Yate,Shauna.Yate@yopmail.com,Shauna.Yate@gmail.com,worker,12
112,Nonnah,Rhu,Nonnah.Rhu@yopmail.com,Nonnah.Rhu@gmail.com,developer,13
113,Ofilia,Dulciana,Ofilia.Dulciana@yopmail.com,Ofilia.Dulciana@gmail.com,developer,14
114,Carree,Aurelio,Carree.Aurelio@yopmail.com,Carree.Aurelio@gmail.com,developer,15
115,Nerta,Kauppi,Nerta.Kauppi@yopmail.com,Nerta.Kauppi@gmail.com,doctor,16
116,Lonnie,Goldina,Lonnie.Goldina@yopmail.com,Lonnie.Goldina@gmail.com,developer,17
117,Krystle,Obed,Krystle.Obed@yopmail.com,Krystle.Obed@gmail.com,worker,18
118,Farrah,Lasley,Farrah.Lasley@yopmail.com,Farrah.Lasley@gmail.com,worker,19
119,Nikki,O'Rourke,Nikki.O'Rourke@yopmail.com,Nikki.O'Rourke@gmail.com,doctor,20
120,Roberta,Geffner,Roberta.Geffner@yopmail.com,Roberta.Geffner@gmail.com,developer,21
121,Julieta,Cassius,Julieta.Cassius@yopmail.com,Julieta.Cassius@gmail.com,firefighter,22
122,Cherrita,Westphal,Cherrita.Westphal@yopmail.com,Cherrita.Westphal@gmail.com,worker,23
123,Marjie,Cherianne,Marjie.Cherianne@yopmail.com,Marjie.Cherianne@gmail.com,firefighter,24
124,Tonia,Bakerman,Tonia.Bakerman@yopmail.com,Tonia.Bakerman@gmail.com,worker,25
125,Loree,Goode,Loree.Goode@yopmail.com,Loree.Goode@gmail.com,doctor,26
126,Merrie,Soneson,Merrie.Soneson@yopmail.com,Merrie.Soneson@gmail.com,police officer,27
127,Tilly,Prouty,Tilly.Prouty@yopmail.com,Tilly.Prouty@gmail.com,developer,28
128,Nikki,Jena,Nikki.Jena@yopmail.com,Nikki.Jena@gmail.com,doctor,29
129,Annabela,Bari,Annabela.Bari@yopmail.com,Annabela.Bari@gmail.com,worker,30
130,Suzette,Liva,Suzette.Liva@yopmail.com,Suzette.Liva@gmail.com,developer,31
131,Sheelagh,Deegan,Sheelagh.Deegan@yopmail.com,Sheelagh.Deegan@gmail.com,firefighter,32
132,Morganica,Reidar,Morganica.Reidar@yopmail.com,Morganica.Reidar@gmail.com,firefighter,33
133,Fanny,Sancho,Fanny.Sancho@yopmail.com,Fanny.Sancho@gmail.com,developer,34
134,Chere,Love,Chere.Love@yopmail.com,Chere.Love@gmail.com,worker,35
135,Angelique,Olin,Angelique.Olin@yopmail.com,Angelique.Olin@gmail.com,firefighter,36
136,Concettina,Edvard,Concettina.Edvard@yopmail.com,Concettina.Edvard@gmail.com,doctor,37
137,Sheree,Lail,Sheree.Lail@yopmail.com,Sheree.Lail@gmail.com,developer,38
138,Belinda,Ashely,Belinda.Ashely@yopmail.com,Belinda.Ashely@gmail.com,firefighter,39
139,Myrtice,Knowling,Myrtice.Knowling@yopmail.com,Myrtice.Knowling@gmail.com,firefighter,40
140,Nadine,Hathaway,Nadine.Hathaway@yopmail.com,Nadine.Hathaway@gmail.com,worker,41
141,Ashlee,Celestine,Ashlee.Celestine@yopmail.com,Ashlee.Celestine@gmail.com,developer,42
142,Gusella,Ashely,Gusella.Ashely@yopmail.com,Gusella.Ashely@gmail.com,worker,43
143,Jorry,Hachmin,Jorry.Hachmin@yopmail.com,Jorry.Hachmin@gmail.com,worker,44
144,Jenilee,Rheingold,Jenilee.Rheingold@yopmail.com,Jenilee.Rheingold@gmail.com,developer,45
145,Madelle,Pillsbury,Madelle.Pillsbury@yopmail.com,Madelle.Pillsbury@gmail.com,worker,46
146,Fernande,Jacinda,Fernande.Jacinda@yopmail.com,Fernande.Jacinda@gmail.com,developer,47
147,Cacilie,Magdalen,Cacilie.Magdalen@yopmail.com,Cacilie.Magdalen@gmail.com,firefighter,48
148,Danny,Erich,Danny.Erich@yopmail.com,Danny.Erich@gmail.com,doctor,49
149,Orelia,Gilbertson,Orelia.Gilbertson@yopmail.com,Orelia.Gilbertson@gmail.com,police officer,50
150,Emelina,Norvol,Emelina.Norvol@yopmail.com,Emelina.Norvol@gmail.com,developer,51
151,Tilly,Docilla,Tilly.Docilla@yopmail.com,Tilly.Docilla@gmail.com,developer,52
152,Sheree,Rozanna,Sheree.Rozanna@yopmail.com,Sheree.Rozanna@gmail.com,doctor,53
153,Madalyn,Garek,Madalyn.Garek@yopmail.com,Madalyn.Garek@gmail.com,firefighter,54
154,Christal,Palocz,Christal.Palocz@yopmail.com,Christal.Palocz@gmail.com,firefighter,55
155,Calla,Kellby,Calla.Kellby@yopmail.com,Calla.Kellby@gmail.com,police officer,56
156,Caressa,Olin,Caressa.Olin@yopmail.com,Caressa.Olin@gmail.com,doctor,57
157,Caressa,Elbertina,Caressa.Elbertina@yopmail.com,Caressa.Elbertina@gmail.com,worker,58
158,Caritta,Carmena,Caritta.Carmena@yopmail.com,Caritta.Carmena@gmail.com,firefighter,59
159,Hyacinthe,Laverne,Hyacinthe.Laverne@yopmail.com,Hyacinthe.Laverne@gmail.com,firefighter,60
160,Oona,Mayeda,Oona.Mayeda@yopmail.com,Oona.Mayeda@gmail.com,doctor,61
161,Rani,Corrine,Rani.Corrine@yopmail.com,Rani.Corrine@gmail.com,doctor,62
162,Oona,Gusella,Oona.Gusella@yopmail.com,Oona.Gusella@gmail.com,police officer,63
163,Leeanne,Jalbert,Leeanne.Jalbert@yopmail.com,Leeanne.Jalbert@gmail.com,doctor,64
164,Mary,Sinegold,Mary.Sinegold@yopmail.com,Mary.Sinegold@gmail.com,worker,65
165,Darlleen,Mozelle,Darlleen.Mozelle@yopmail.com,Darlleen.Mozelle@gmail.com,developer,66
166,Kore,Wu,Kore.Wu@yopmail.com,Kore.Wu@gmail.com,police officer,67
167,Viviene,Seumas,Viviene.Seumas@yopmail.com,Viviene.Seumas@gmail.com,firefighter,68
168,Ida,Dowski,Ida.Dowski@yopmail.com,Ida.Dowski@gmail.com,police officer,69
169,Nadine,Gerge,Nadine.Gerge@yopmail.com,Nadine.Gerge@gmail.com,firefighter,70
170,Jordan,Hailee,Jordan.Hailee@yopmail.com,Jordan.Hailee@gmail.com,police officer,71
171,Nessie,Guthrie,Nessie.Guthrie@yopmail.com,Nessie.Guthrie@gmail.com,police officer,72
172,Sean,Meter,Sean.Meter@yopmail.com,Sean.Meter@gmail.com,doctor,73
173,Danny,Durware,Danny.Durware@yopmail.com,Danny.Durware@gmail.com,doctor,74
174,Xylina,Louanna,Xylina.Louanna@yopmail.com,Xylina.Louanna@gmail.com,developer,75
175,Paulita,Nelsen,Paulita.Nelsen@yopmail.com,Paulita.Nelsen@gmail.com,developer,76
176,Brynna,Roarke,Brynna.Roarke@yopmail.com,Brynna.Roarke@gmail.com,developer,77
177,Eve,Miru,Eve.Miru@yopmail.com,Eve.Miru@gmail.com,police officer,78
178,Beth,Fosque,Beth.Fosque@yopmail.com,Beth.Fosque@gmail.com,firefighter,79
179,Catrina,Anastatius,Catrina.Anastatius@yopmail.com,Catrina.Anastatius@gmail.com,police officer,80
180,Jinny,Noam,Jinny.Noam@yopmail.com,Jinny.Noam@gmail.com,developer,81
181,Bernie,Dearborn,Bernie.Dearborn@yopmail.com,Bernie.Dearborn@gmail.com,developer,82
182,Violet,O'Carroll,Violet.O'Carroll@yopmail.com,Violet.O'Carroll@gmail.com,police officer,83
183,Hildegaard,Bultman,Hildegaard.Bultman@yopmail.com,Hildegaard.Bultman@gmail.com,firefighter,84
184,Stephanie,Adamsen,Stephanie.Adamsen@yopmail.com,Stephanie.Adamsen@gmail.com,developer,85
185,Teriann,Jerald,Teriann.Jerald@yopmail.com,Teriann.Jerald@gmail.com,firefighter,86
186,Catrina,Soneson,Catrina.Soneson@yopmail.com,Catrina.Soneson@gmail.com,developer,87
187,Yetty,Gwenore,Yetty.Gwenore@yopmail.com,Yetty.Gwenore@gmail.com,doctor,88
188,Rhea,Rozanna,Rhea.Rozanna@yopmail.com,Rhea.Rozanna@gmail.com,worker,89
189,Melanie,Chandler,Melanie.Chandler@yopmail.com,Melanie.Chandler@gmail.com,firefighter,90
190,Elvira,Chrystel,Elvira.Chrystel@yopmail.com,Elvira.Chrystel@gmail.com,doctor,91
191,Elvira,Faust,Elvira.Faust@yopmail.com,Elvira.Faust@gmail.com,firefighter,92
192,Ricky,Irmine,Ricky.Irmine@yopmail.com,Ricky.Irmine@gmail.com,firefighter,93
193,Cassondra,Sherfield,Cassondra.Sherfield@yopmail.com,Cassondra.Sherfield@gmail.com,developer,94
194,Nessie,Letsou,Nessie.Letsou@yopmail.com,Nessie.Letsou@gmail.com,worker,95
195,Katuscha,Corabella,Katuscha.Corabella@yopmail.com,Katuscha.Corabella@gmail.com,worker,96
196,Goldie,Sprage,Goldie.Sprage@yopmail.com,Goldie.Sprage@gmail.com,firefighter,97
197,Mariele,Nerita,Mariele.Nerita@yopmail.com,Mariele.Nerita@gmail.com,doctor,98
198,Nollie,Chaing,Nollie.Chaing@yopmail.com,Nollie.Chaing@gmail.com,police officer,99
199,Lilith,Alisia,Lilith.Alisia@yopmail.com,Lilith.Alisia@gmail.com,police officer,100
200,Riannon,Regan,Riannon.Regan@yopmail.com,Riannon.Regan@gmail.com,worker,101
201,Gisela,Daniele,Gisela.Daniele@yopmail.com,Gisela.Daniele@gmail.com,doctor,102
202,Merci,Noman,Merci.Noman@yopmail.com,Merci.Noman@gmail.com,police officer,103
203,Isa,Payson,Isa.Payson@yopmail.com,Isa.Payson@gmail.com,worker,104
204,Joelly,Margret,Joelly.Margret@yopmail.com,Joelly.Margret@gmail.com,developer,105
205,Tobe,Means,Tobe.Means@yopmail.com,Tobe.Means@gmail.com,police officer,106
206,Phedra,O'Carroll,Phedra.O'Carroll@yopmail.com,Phedra.O'Carroll@gmail.com,firefighter,107
207,Rosabelle,Nance,Rosabelle.Nance@yopmail.com,Rosabelle.Nance@gmail.com,developer,108
208,Celisse,Japeth,Celisse.Japeth@yopmail.com,Celisse.Japeth@gmail.com,worker,109
209,Sherrie,Morgun,Sherrie.Morgun@yopmail.com,Sherrie.Morgun@gmail.com,police officer,110
210,Shirlee,Krystle,Shirlee.Krystle@yopmail.com,Shirlee.Krystle@gmail.com,firefighter,111
211,Ariela,Pauly,Ariela.Pauly@yopmail.com,Ariela.Pauly@gmail.com,doctor,112
212,Kristina,Japeth,Kristina.Japeth@yopmail.com,Kristina.Japeth@gmail.com,police officer,113
213,Brana,Lucienne,Brana.Lucienne@yopmail.com,Brana.Lucienne@gmail.com,doctor,114
214,Myriam,Trinetta,Myriam.Trinetta@yopmail.com,Myriam.Trinetta@gmail.com,doctor,115
215,Alexine,Gherardo,Alexine.Gherardo@yopmail.com,Alexine.Gherardo@gmail.com,worker,116
216,Albertina,Tarrant,Albertina.Tarrant@yopmail.com,Albertina.Tarrant@gmail.com,police officer,117
217,Ursulina,Clie,Ursulina.Clie@yopmail.com,Ursulina.Clie@gmail.com,police officer,118
218,Mellicent,Karylin,Mellicent.Karylin@yopmail.com,Mellicent.Karylin@gmail.com,firefighter,119
219,Tressa,Cordi,Tressa.Cordi@yopmail.com,Tressa.Cordi@gmail.com,firefighter,120
220,Bertine,Ophelia,Bertine.Ophelia@yopmail.com,Bertine.Ophelia@gmail.com,police officer,121
221,Mamie,Sothena,Mamie.Sothena@yopmail.com,Mamie.Sothena@gmail.com,firefighter,122
222,Rosene,Radu,Rosene.Radu@yopmail.com,Rosene.Radu@gmail.com,doctor,123
223,Modestia,Lumbard,Modestia.Lumbard@yopmail.com,Modestia.Lumbard@gmail.com,worker,124
224,Winny,Keily,Winny.Keily@yopmail.com,Winny.Keily@gmail.com,developer,125
225,Lynnea,Lay,Lynnea.Lay@yopmail.com,Lynnea.Lay@gmail.com,police officer,126
226,Beverley,Heisel,Beverley.Heisel@yopmail.com,Beverley.Heisel@gmail.com,police officer,127
227,Beverley,Eldrid,Beverley.Eldrid@yopmail.com,Beverley.Eldrid@gmail.com,developer,128
228,Patricia,Brittani,Patricia.Brittani@yopmail.com,Patricia.Brittani@gmail.com,police officer,129
229,Meg,Lareena,Meg.Lareena@yopmail.com,Meg.Lareena@gmail.com,developer,130
230,Lily,Nance,Lily.Nance@yopmail.com,Lily.Nance@gmail.com,firefighter,131
231,Millie,Winthorpe,Millie.Winthorpe@yopmail.com,Millie.Winthorpe@gmail.com,firefighter,132
232,Almeta,Allare,Almeta.Allare@yopmail.com,Almeta.Allare@gmail.com,police officer,133
233,Mildrid,Rozanna,Mildrid.Rozanna@yopmail.com,Mildrid.Rozanna@gmail.com,doctor,134
234,Janis,Jarib,Janis.Jarib@yopmail.com,Janis.Jarib@gmail.com,doctor,135
235,Gloria,Korey,Gloria.Korey@yopmail.com,Gloria.Korey@gmail.com,developer,136
236,Drucie,Wenoa,Drucie.Wenoa@yopmail.com,Drucie.Wenoa@gmail.com,firefighter,137
237,Sue,Dudley,Sue.Dudley@yopmail.com,Sue.Dudley@gmail.com,worker,138
238,Deedee,Monaco,Deedee.Monaco@yopmail.com,Deedee.Monaco@gmail.com,developer,139
239,Nataline,Loeb,Nataline.Loeb@yopmail.com,Nataline.Loeb@gmail.com,worker,140
240,Lyssa,Breed,Lyssa.Breed@yopmail.com,Lyssa.Breed@gmail.com,police officer,141
241,Beth,Beebe,Beth.Beebe@yopmail.com,Beth.Beebe@gmail.com,firefighter,142
242,Aimil,Leffen,Aimil.Leffen@yopmail.com,Aimil.Leffen@gmail.com,doctor,143
243,Kylynn,Orelee,Kylynn.Orelee@yopmail.com,Kylynn.Orelee@gmail.com,police officer,144
244,Hallie,Kirbee,Hallie.Kirbee@yopmail.com,Hallie.Kirbee@gmail.com,worker,145
245,Halette,Faso,Halette.Faso@yopmail.com,Halette.Faso@gmail.com,firefighter,146
246,Quintina,Leifeste,Quintina.Leifeste@yopmail.com,Quintina.Leifeste@gmail.com,worker,147
247,Dode,Angelis,Dode.Angelis@yopmail.com,Dode.Angelis@gmail.com,developer,148
248,Ira,Durware,Ira.Durware@yopmail.com,Ira.Durware@gmail.com,doctor,149
249,Correy,Brunell,Correy.Brunell@yopmail.com,Correy.Brunell@gmail.com,developer,150
250,Madelle,Sholley,Madelle.Sholley@yopmail.com,Madelle.Sholley@gmail.com,worker,151
251,Micheline,Jaylene,Micheline.Jaylene@yopmail.com,Micheline.Jaylene@gmail.com,doctor,152
252,Winny,Baudin,Winny.Baudin@yopmail.com,Winny.Baudin@gmail.com,worker,153
253,Imojean,Hirsch,Imojean.Hirsch@yopmail.com,Imojean.Hirsch@gmail.com,police officer,154
254,Wanda,Tiffa,Wanda.Tiffa@yopmail.com,Wanda.Tiffa@gmail.com,doctor,155
255,Angela,Maryanne,Angela.Maryanne@yopmail.com,Angela.Maryanne@gmail.com,worker,156
256,Tabbatha,Roscoe,Tabbatha.Roscoe@yopmail.com,Tabbatha.Roscoe@gmail.com,firefighter,157
257,Sue,Leonard,Sue.Leonard@yopmail.com,Sue.Leonard@gmail.com,doctor,158
258,Rosanne,Melleta,Rosanne.Melleta@yopmail.com,Rosanne.Melleta@gmail.com,police officer,159
259,Dorthy,Mozelle,Dorthy.Mozelle@yopmail.com,Dorthy.Mozelle@gmail.com,developer,160
260,Julieta,Trey,Julieta.Trey@yopmail.com,Julieta.Trey@gmail.com,firefighter,161
261,Candi,Chem,Candi.Chem@yopmail.com,Candi.Chem@gmail.com,worker,162
262,Korrie,Jerald,Korrie.Jerald@yopmail.com,Korrie.Jerald@gmail.com,firefighter,163
263,Dolli,Radu,Dolli.Radu@yopmail.com,Dolli.Radu@gmail.com,firefighter,164
264,Kirstin,Urias,Kirstin.Urias@yopmail.com,Kirstin.Urias@gmail.com,developer,165
265,Lanae,Ethban,Lanae.Ethban@yopmail.com,Lanae.Ethban@gmail.com,firefighter,166
266,Binny,Hieronymus,Binny.Hieronymus@yopmail.com,Binny.Hieronymus@gmail.com,police officer,167
267,Ingrid,Stefa,Ingrid.Stefa@yopmail.com,Ingrid.Stefa@gmail.com,firefighter,168
268,Hermione,Dearborn,Hermione.Dearborn@yopmail.com,Hermione.Dearborn@gmail.com,developer,169
269,Leeanne,Rhu,Leeanne.Rhu@yopmail.com,Leeanne.Rhu@gmail.com,doctor,170
270,Lorne,Schonfeld,Lorne.Schonfeld@yopmail.com,Lorne.Schonfeld@gmail.com,doctor,171
271,Carmencita,My,Carmencita.My@yopmail.com,Carmencita.My@gmail.com,developer,172
272,Chandra,Thornburg,Chandra.Thornburg@yopmail.com,Chandra.Thornburg@gmail.com,worker,173
273,Jorry,Toffic,Jorry.Toffic@yopmail.com,Jorry.Toffic@gmail.com,doctor,174
274,Barbara,Lewes,Barbara.Lewes@yopmail.com,Barbara.Lewes@gmail.com,worker,175
275,Courtnay,Gibbeon,Courtnay.Gibbeon@yopmail.com,Courtnay.Gibbeon@gmail.com,police officer,176
276,Clo,Velick,Clo.Velick@yopmail.com,Clo.Velick@gmail.com,police officer,177
277,Barbi,Ietta,Barbi.Ietta@yopmail.com,Barbi.Ietta@gmail.com,doctor,178
278,Halette,Zenas,Halette.Zenas@yopmail.com,Halette.Zenas@gmail.com,worker,179
279,Sybille,Stilwell,Sybille.Stilwell@yopmail.com,Sybille.Stilwell@gmail.com,worker,180
280,Vanessa,Maiah,Vanessa.Maiah@yopmail.com,Vanessa.Maiah@gmail.com,worker,181
281,Benita,Martguerita,Benita.Martguerita@yopmail.com,Benita.Martguerita@gmail.com,police officer,182
282,Alyssa,Melony,Alyssa.Melony@yopmail.com,Alyssa.Melony@gmail.com,developer,183
283,Valeda,Gillan,Valeda.Gillan@yopmail.com,Valeda.Gillan@gmail.com,worker,184
284,Talya,Marcellus,Talya.Marcellus@yopmail.com,Talya.Marcellus@gmail.com,police officer,185
285,Letizia,Esmaria,Letizia.Esmaria@yopmail.com,Letizia.Esmaria@gmail.com,police officer,186
286,Elie,Berne,Elie.Berne@yopmail.com,Elie.Berne@gmail.com,worker,187
287,Mureil,Carleen,Mureil.Carleen@yopmail.com,Mureil.Carleen@gmail.com,police officer,188
288,Modestia,Etom,Modestia.Etom@yopmail.com,Modestia.Etom@gmail.com,developer,189
289,Rozele,Sasnett,Rozele.Sasnett@yopmail.com,Rozele.Sasnett@gmail.com,doctor,190
290,Harmonia,Kesley,Harmonia.Kesley@yopmail.com,Harmonia.Kesley@gmail.com,developer,191
291,Shel,Abram,Shel.Abram@yopmail.com,Shel.Abram@gmail.com,police officer,192
292,Nikki,Norrie,Nikki.Norrie@yopmail.com,Nikki.Norrie@gmail.com,police officer,193
293,Ernesta,Liva,Ernesta.Liva@yopmail.com,Ernesta.Liva@gmail.com,firefighter,194
294,Shirlee,Marcellus,Shirlee.Marcellus@yopmail.com,Shirlee.Marcellus@gmail.com,doctor,195
295,Belinda,Shama,Belinda.Shama@yopmail.com,Belinda.Shama@gmail.com,firefighter,196
296,Lily,Annabella,Lily.Annabella@yopmail.com,Lily.Annabella@gmail.com,developer,197
297,Grier,Lattie,Grier.Lattie@yopmail.com,Grier.Lattie@gmail.com,doctor,198
298,Jerry,Kat,Jerry.Kat@yopmail.com,Jerry.Kat@gmail.com,firefighter,199
299,Donnie,Jerold,Donnie.Jerold@yopmail.com,Donnie.Jerold@gmail.com,police officer,200
300,Meriel,Riordan,Meriel.Riordan@yopmail.com,Meriel.Riordan@gmail.com,police officer,201
301,Jinny,Cynar,Jinny.Cynar@yopmail.com,Jinny.Cynar@gmail.com,police officer,202
302,Addia,Modie,Addia.Modie@yopmail.com,Addia.Modie@gmail.com,worker,203
303,Elvira,Andrel,Elvira.Andrel@yopmail.com,Elvira.Andrel@gmail.com,worker,204
304,Shauna,Hieronymus,Shauna.Hieronymus@yopmail.com,Shauna.Hieronymus@gmail.com,doctor,205
305,Isa,Saint,Isa.Saint@yopmail.com,Isa.Saint@gmail.com,firefighter,206
306,Hyacinthe,Birdella,Hyacinthe.Birdella@yopmail.com,Hyacinthe.Birdella@gmail.com,firefighter,207
307,Kassey,Riordan,Kassey.Riordan@yopmail.com,Kassey.Riordan@gmail.com,developer,208
308,Jean,Brady,Jean.Brady@yopmail.com,Jean.Brady@gmail.com,worker,209
309,Farrah,Bahr,Farrah.Bahr@yopmail.com,Farrah.Bahr@gmail.com,doctor,210
310,Estell,Hylan,Estell.Hylan@yopmail.com,Estell.Hylan@gmail.com,developer,211
311,Joane,Liva,Joane.Liva@yopmail.com,Joane.Liva@gmail.com,doctor,212
312,Yolane,Jefferey,Yolane.Jefferey@yopmail.com,Yolane.Jefferey@gmail.com,firefighter,213
313,Devina,Kellby,Devina.Kellby@yopmail.com,Devina.Kellby@gmail.com,developer,214
314,Tybie,Ackerley,Tybie.Ackerley@yopmail.com,Tybie.Ackerley@gmail.com,police officer,215
315,Tressa,Konyn,Tressa.Konyn@yopmail.com,Tressa.Konyn@gmail.com,doctor,216
316,Ileana,Edison,Ileana.Edison@yopmail.com,Ileana.Edison@gmail.com,developer,217
317,Dyann,Camden,Dyann.Camden@yopmail.com,Dyann.Camden@gmail.com,doctor,218
318,Harrietta,Erich,Harrietta.Erich@yopmail.com,Harrietta.Erich@gmail.com,police officer,219
319,Grier,Nester,Grier.Nester@yopmail.com,Grier.Nester@gmail.com,police officer,220
320,Queenie,Carolin,Queenie.Carolin@yopmail.com,Queenie.Carolin@gmail.com,doctor,221
321,Xylina,Pozzy,Xylina.Pozzy@yopmail.com,Xylina.Pozzy@gmail.com,police officer,222
322,Vinita,Ranjiv,Vinita.Ranjiv@yopmail.com,Vinita.Ranjiv@gmail.com,developer,223
323,Rosaline,Wandie,Rosaline.Wandie@yopmail.com,Rosaline.Wandie@gmail.com,doctor,224
324,Hollie,Odell,Hollie.Odell@yopmail.com,Hollie.Odell@gmail.com,worker,225
325,Clementine,Haldas,Clementine.Haldas@yopmail.com,Clementine.Haldas@gmail.com,doctor,226
326,Jenda,Sperling,Jenda.Sperling@yopmail.com,Jenda.Sperling@gmail.com,worker,227
327,Sheelagh,Holbrook,Sheelagh.Holbrook@yopmail.com,Sheelagh.Holbrook@gmail.com,worker,228
328,Aubrie,Travax,Aubrie.Travax@yopmail.com,Aubrie.Travax@gmail.com,worker,229
329,Hildegaard,Ajay,Hildegaard.Ajay@yopmail.com,Hildegaard.Ajay@gmail.com,developer,230
330,Amelia,Nahum,Amelia.Nahum@yopmail.com,Amelia.Nahum@gmail.com,doctor,231
331,Di,Bollay,Di.Bollay@yopmail.com,Di.Bollay@gmail.com,doctor,232
332,Paola,Telfer,Paola.Telfer@yopmail.com,Paola.Telfer@gmail.com,developer,233
333,Roseline,Thar,Roseline.Thar@yopmail.com,Roseline.Thar@gmail.com,firefighter,234
334,Viki,Warthman,Viki.Warthman@yopmail.com,Viki.Warthman@gmail.com,police officer,235
335,Carolina,Susannah,Carolina.Susannah@yopmail.com,Carolina.Susannah@gmail.com,police officer,236
336,Brynna,Ramona,Brynna.Ramona@yopmail.com,Brynna.Ramona@gmail.com,firefighter,237
337,Kirstin,Dichy,Kirstin.Dichy@yopmail.com,Kirstin.Dichy@gmail.com,doctor,238
338,Elyssa,Othilia,Elyssa.Othilia@yopmail.com,Elyssa.Othilia@gmail.com,doctor,239
339,Ulrike,Louanna,Ulrike.Louanna@yopmail.com,Ulrike.Louanna@gmail.com,developer,240
340,Fawne,Penelopa,Fawne.Penelopa@yopmail.com,Fawne.Penelopa@gmail.com,developer,241
341,Lisette,Armanda,Lisette.Armanda@yopmail.com,Lisette.Armanda@gmail.com,developer,242
342,Mignon,Shaver,Mignon.Shaver@yopmail.com,Mignon.Shaver@gmail.com,firefighter,243
343,Kaja,Ellerey,Kaja.Ellerey@yopmail.com,Kaja.Ellerey@gmail.com,doctor,244
344,Kathy,Gemini,Kathy.Gemini@yopmail.com,Kathy.Gemini@gmail.com,police officer,245
345,Eugine,Drisko,Eugine.Drisko@yopmail.com,Eugine.Drisko@gmail.com,doctor,246
346,Jan,Urias,Jan.Urias@yopmail.com,Jan.Urias@gmail.com,police officer,247
347,Gratia,Rheingold,Gratia.Rheingold@yopmail.com,Gratia.Rheingold@gmail.com,doctor,248
348,Lory,Arathorn,Lory.Arathorn@yopmail.com,Lory.Arathorn@gmail.com,worker,249
349,Kalina,Norvol,Kalina.Norvol@yopmail.com,Kalina.Norvol@gmail.com,developer,250
350,Kassey,Gerge,Kassey.Gerge@yopmail.com,Kassey.Gerge@gmail.com,police officer,251
351,Brietta,August,Brietta.August@yopmail.com,Brietta.August@gmail.com,doctor,252
352,Henriette,Kunin,Henriette.Kunin@yopmail.com,Henriette.Kunin@gmail.com,worker,253
353,Marinna,Claudine,Marinna.Claudine@yopmail.com,Marinna.Claudine@gmail.com,firefighter,254
354,Eve,Judye,Eve.Judye@yopmail.com,Eve.Judye@gmail.com,developer,255
355,Celisse,Garlinda,Celisse.Garlinda@yopmail.com,Celisse.Garlinda@gmail.com,worker,256
356,June,Boycey,June.Boycey@yopmail.com,June.Boycey@gmail.com,firefighter,257
357,Amalie,Madelene,Amalie.Madelene@yopmail.com,Amalie.Madelene@gmail.com,firefighter,258
358,Sherrie,Jess,Sherrie.Jess@yopmail.com,Sherrie.Jess@gmail.com,doctor,259
359,Dianemarie,Sprage,Dianemarie.Sprage@yopmail.com,Dianemarie.Sprage@gmail.com,doctor,260
360,Shannah,Destinee,Shannah.Destinee@yopmail.com,Shannah.Destinee@gmail.com,firefighter,261
361,Gaylene,Iiette,Gaylene.Iiette@yopmail.com,Gaylene.Iiette@gmail.com,firefighter,262
362,Rivalee,Grosz,Rivalee.Grosz@yopmail.com,Rivalee.Grosz@gmail.com,worker,263
363,Ilse,Phyllis,Ilse.Phyllis@yopmail.com,Ilse.Phyllis@gmail.com,developer,264
364,Nikki,Leonard,Nikki.Leonard@yopmail.com,Nikki.Leonard@gmail.com,firefighter,265
365,Eolanda,Moseley,Eolanda.Moseley@yopmail.com,Eolanda.Moseley@gmail.com,doctor,266
366,Tami,Thar,Tami.Thar@yopmail.com,Tami.Thar@gmail.com,developer,267
367,Roseline,Camden,Roseline.Camden@yopmail.com,Roseline.Camden@gmail.com,police officer,268
368,Tatiania,Loeb,Tatiania.Loeb@yopmail.com,Tatiania.Loeb@gmail.com,police officer,269
369,Karlee,Johanna,Karlee.Johanna@yopmail.com,Karlee.Johanna@gmail.com,doctor,270
370,Ofilia,Tippets,Ofilia.Tippets@yopmail.com,Ofilia.Tippets@gmail.com,developer,271
371,Mary,Roumell,Mary.Roumell@yopmail.com,Mary.Roumell@gmail.com,worker,272
372,Chere,Brandice,Chere.Brandice@yopmail.com,Chere.Brandice@gmail.com,developer,273
373,Brianna,Henebry,Brianna.Henebry@yopmail.com,Brianna.Henebry@gmail.com,firefighter,274
374,Damaris,Hieronymus,Damaris.Hieronymus@yopmail.com,Damaris.Hieronymus@gmail.com,firefighter,275
375,Adriana,Delila,Adriana.Delila@yopmail.com,Adriana.Delila@gmail.com,worker,276
376,Nyssa,Lilas,Nyssa.Lilas@yopmail.com,Nyssa.Lilas@gmail.com,doctor,277
377,Rubie,Markman,Rubie.Markman@yopmail.com,Rubie.Markman@gmail.com,firefighter,278
378,Petronia,Daniele,Petronia.Daniele@yopmail.com,Petronia.Daniele@gmail.com,firefighter,279
379,Addia,Delacourt,Addia.Delacourt@yopmail.com,Addia.Delacourt@gmail.com,doctor,280
380,Morganica,Calhoun,Morganica.Calhoun@yopmail.com,Morganica.Calhoun@gmail.com,developer,281
381,Kaja,Constancy,Kaja.Constancy@yopmail.com,Kaja.Constancy@gmail.com,doctor,282
382,Gusty,Paton,Gusty.Paton@yopmail.com,Gusty.Paton@gmail.com,developer,283
383,Tonia,Cleo,Tonia.Cleo@yopmail.com,Tonia.Cleo@gmail.com,worker,284
384,Corry,Gahl,Corry.Gahl@yopmail.com,Corry.Gahl@gmail.com,worker,285
385,Neila,Ovid,Neila.Ovid@yopmail.com,Neila.Ovid@gmail.com,police officer,286
386,Teriann,Brunell,Teriann.Brunell@yopmail.com,Teriann.Brunell@gmail.com,doctor,287
387,Cacilie,Moseley,Cacilie.Moseley@yopmail.com,Cacilie.Moseley@gmail.com,firefighter,288
388,Gratia,Shanley,Gratia.Shanley@yopmail.com,Gratia.Shanley@gmail.com,police officer,289
389,Antonietta,Taima,Antonietta.Taima@yopmail.com,Antonietta.Taima@gmail.com,worker,290
390,Lolita,Dorcy,Lolita.Dorcy@yopmail.com,Lolita.Dorcy@gmail.com,worker,291
391,Beth,Joli,Beth.Joli@yopmail.com,Beth.Joli@gmail.com,police officer,292
392,Raina,Durware,Raina.Durware@yopmail.com,Raina.Durware@gmail.com,police officer,293
393,Trixi,Woodberry,Trixi.Woodberry@yopmail.com,Trixi.Woodberry@gmail.com,worker,294
394,Pollyanna,Claudine,Pollyanna.Claudine@yopmail.com,Pollyanna.Claudine@gmail.com,doctor,295
395,Flo,Juliet,Flo.Juliet@yopmail.com,Flo.Juliet@gmail.com,firefighter,296
396,Tracey,Georas,Tracey.Georas@yopmail.com,Tracey.Georas@gmail.com,worker,297
397,Ofilia,Jerold,Ofilia.Jerold@yopmail.com,Ofilia.Jerold@gmail.com,doctor,298
398,Sindee,Wenoa,Sindee.Wenoa@yopmail.com,Sindee.Wenoa@gmail.com,developer,299
399,Danika,Quinn,Danika.Quinn@yopmail.com,Danika.Quinn@gmail.com,firefighter,300
400,Kerrin,Sibyls,Kerrin.Sibyls@yopmail.com,Kerrin.Sibyls@gmail.com,developer,301
401,Vere,Seessel,Vere.Seessel@yopmail.com,Vere.Seessel@gmail.com,developer,302
402,Eadie,Brenn,Eadie.Brenn@yopmail.com,Eadie.Brenn@gmail.com,developer,303
403,Concettina,Wooster,Concettina.Wooster@yopmail.com,Concettina.Wooster@gmail.com,developer,304
404,Kassey,Janene,Kassey.Janene@yopmail.com,Kassey.Janene@gmail.com,developer,305
405,Averyl,Marden,Averyl.Marden@yopmail.com,Averyl.Marden@gmail.com,police officer,306
406,Mariann,Glovsky,Mariann.Glovsky@yopmail.com,Mariann.Glovsky@gmail.com,developer,307
407,Inga,Guildroy,Inga.Guildroy@yopmail.com,Inga.Guildroy@gmail.com,police officer,308
408,Florie,Brenn,Florie.Brenn@yopmail.com,Florie.Brenn@gmail.com,worker,309
409,Deirdre,Goddard,Deirdre.Goddard@yopmail.com,Deirdre.Goddard@gmail.com,developer,310
410,Edyth,Faria,Edyth.Faria@yopmail.com,Edyth.Faria@gmail.com,developer,311
411,Eve,Burch,Eve.Burch@yopmail.com,Eve.Burch@gmail.com,firefighter,312
412,Celestyna,Roumell,Celestyna.Roumell@yopmail.com,Celestyna.Roumell@gmail.com,police officer,313
413,Caressa,Chinua,Caressa.Chinua@yopmail.com,Caressa.Chinua@gmail.com,developer,314
414,Korrie,Hermes,Korrie.Hermes@yopmail.com,Korrie.Hermes@gmail.com,police officer,315
415,Corene,Stanwood,Corene.Stanwood@yopmail.com,Corene.Stanwood@gmail.com,doctor,316
416,Regina,Whittaker,Regina.Whittaker@yopmail.com,Regina.Whittaker@gmail.com,doctor,317
417,Adelle,Zeeba,Adelle.Zeeba@yopmail.com,Adelle.Zeeba@gmail.com,police officer,318
418,Merle,Podvin,Merle.Podvin@yopmail.com,Merle.Podvin@gmail.com,worker,319
419,Myriam,Miru,Myriam.Miru@yopmail.com,Myriam.Miru@gmail.com,worker,320
420,Benita,Faso,Benita.Faso@yopmail.com,Benita.Faso@gmail.com,worker,321
421,Konstance,Flyn,Konstance.Flyn@yopmail.com,Konstance.Flyn@gmail.com,doctor,322
422,Stephanie,Mitzi,Stephanie.Mitzi@yopmail.com,Stephanie.Mitzi@gmail.com,firefighter,323
423,Angela,Simmonds,Angela.Simmonds@yopmail.com,Angela.Simmonds@gmail.com,worker,324
424,Isa,Iaverne,Isa.Iaverne@yopmail.com,Isa.Iaverne@gmail.com,police officer,325
425,Elora,Cavan,Elora.Cavan@yopmail.com,Elora.Cavan@gmail.com,developer,326
426,Jerry,Felizio,Jerry.Felizio@yopmail.com,Jerry.Felizio@gmail.com,doctor,327
427,Sabina,Leonard,Sabina.Leonard@yopmail.com,Sabina.Leonard@gmail.com,worker,328
428,Ariela,Horan,Ariela.Horan@yopmail.com,Ariela.Horan@gmail.com,police officer,329
429,Ardys,Sherfield,Ardys.Sherfield@yopmail.com,Ardys.Sherfield@gmail.com,worker,330
430,Jillayne,Kathie,Jillayne.Kathie@yopmail.com,Jillayne.Kathie@gmail.com,worker,331
431,Ellette,Isidore,Ellette.Isidore@yopmail.com,Ellette.Isidore@gmail.com,police officer,332
432,Nessie,Plato,Nessie.Plato@yopmail.com,Nessie.Plato@gmail.com,doctor,333
433,Jackie,Cleavland,Jackie.Cleavland@yopmail.com,Jackie.Cleavland@gmail.com,police officer,334
434,Sharai,Blase,Sharai.Blase@yopmail.com,Sharai.Blase@gmail.com,doctor,335
435,Jobi,Persse,Jobi.Persse@yopmail.com,Jobi.Persse@gmail.com,worker,336
436,Brandise,Ophelia,Brandise.Ophelia@yopmail.com,Brandise.Ophelia@gmail.com,developer,337
437,Edith,Vale,Edith.Vale@yopmail.com,Edith.Vale@gmail.com,firefighter,338
438,Ana,Philoo,Ana.Philoo@yopmail.com,Ana.Philoo@gmail.com,firefighter,339
439,Lyssa,Noman,Lyssa.Noman@yopmail.com,Lyssa.Noman@gmail.com,firefighter,340
440,Judy,Raffo,Judy.Raffo@yopmail.com,Judy.Raffo@gmail.com,doctor,341
441,Clo,Elephus,Clo.Elephus@yopmail.com,Clo.Elephus@gmail.com,developer,342
442,Silvana,Juliet,Silvana.Juliet@yopmail.com,Silvana.Juliet@gmail.com,doctor,343
443,Dode,Parsaye,Dode.Parsaye@yopmail.com,Dode.Parsaye@gmail.com,doctor,344
444,Lacie,Lacombe,Lacie.Lacombe@yopmail.com,Lacie.Lacombe@gmail.com,developer,345
445,Jany,Graig,Jany.Graig@yopmail.com,Jany.Graig@gmail.com,developer,346
446,Aimil,Alisia,Aimil.Alisia@yopmail.com,Aimil.Alisia@gmail.com,developer,347
447,Tatiania,Love,Tatiania.Love@yopmail.com,Tatiania.Love@gmail.com,worker,348
448,Pamella,Dulciana,Pamella.Dulciana@yopmail.com,Pamella.Dulciana@gmail.com,developer,349
449,Olwen,Slifka,Olwen.Slifka@yopmail.com,Olwen.Slifka@gmail.com,police officer,350
450,Frieda,McGrody,Frieda.McGrody@yopmail.com,Frieda.McGrody@gmail.com,police officer,351
451,Halette,Irmine,Halette.Irmine@yopmail.com,Halette.Irmine@gmail.com,police officer,352
452,Sam,Wildermuth,Sam.Wildermuth@yopmail.com,Sam.Wildermuth@gmail.com,police officer,353
453,Estell,Yoko,Estell.Yoko@yopmail.com,Estell.Yoko@gmail.com,worker,354
454,Roberta,Vale,Roberta.Vale@yopmail.com,Roberta.Vale@gmail.com,doctor,355
455,Lorenza,Lissi,Lorenza.Lissi@yopmail.com,Lorenza.Lissi@gmail.com,firefighter,356
456,Brana,Kravits,Brana.Kravits@yopmail.com,Brana.Kravits@gmail.com,doctor,357
457,Sharlene,Serilda,Sharlene.Serilda@yopmail.com,Sharlene.Serilda@gmail.com,worker,358
458,Joane,Sabella,Joane.Sabella@yopmail.com,Joane.Sabella@gmail.com,firefighter,359
459,Marita,Montgomery,Marita.Montgomery@yopmail.com,Marita.Montgomery@gmail.com,developer,360
460,Chere,Millda,Chere.Millda@yopmail.com,Chere.Millda@gmail.com,worker,361
461,Charmaine,Vins,Charmaine.Vins@yopmail.com,Charmaine.Vins@gmail.com,firefighter,362
462,Leia,Ingra,Leia.Ingra@yopmail.com,Leia.Ingra@gmail.com,developer,363
463,Estell,Magnolia,Estell.Magnolia@yopmail.com,Estell.Magnolia@gmail.com,doctor,364
464,Shirlee,Zachary,Shirlee.Zachary@yopmail.com,Shirlee.Zachary@gmail.com,worker,365
465,Sadie,Strephon,Sadie.Strephon@yopmail.com,Sadie.Strephon@gmail.com,worker,366
466,Andree,Ball,Andree.Ball@yopmail.com,Andree.Ball@gmail.com,developer,367
467,Brooks,Giule,Brooks.Giule@yopmail.com,Brooks.Giule@gmail.com,developer,368
468,Rhea,Longfellow,Rhea.Longfellow@yopmail.com,Rhea.Longfellow@gmail.com,police officer,369
469,Aaren,Marden,Aaren.Marden@yopmail.com,Aaren.Marden@gmail.com,developer,370
470,Karlee,Buffum,Karlee.Buffum@yopmail.com,Karlee.Buffum@gmail.com,worker,371
471,Ashlee,Haldas,Ashlee.Haldas@yopmail.com,Ashlee.Haldas@gmail.com,police officer,372
472,Nadine,Odell,Nadine.Odell@yopmail.com,Nadine.Odell@gmail.com,firefighter,373
473,Helena,Neils,Helena.Neils@yopmail.com,Helena.Neils@gmail.com,doctor,374
474,Lorenza,Secrest,Lorenza.Secrest@yopmail.com,Lorenza.Secrest@gmail.com,doctor,375
475,Rhea,Hathaway,Rhea.Hathaway@yopmail.com,Rhea.Hathaway@gmail.com,worker,376
476,Gilligan,Kirbee,Gilligan.Kirbee@yopmail.com,Gilligan.Kirbee@gmail.com,police officer,377
477,Elka,Zrike,Elka.Zrike@yopmail.com,Elka.Zrike@gmail.com,doctor,378
478,Sophia,Melony,Sophia.Melony@yopmail.com,Sophia.Melony@gmail.com,developer,379
479,Gui,Waldron,Gui.Waldron@yopmail.com,Gui.Waldron@gmail.com,police officer,380
480,Meriel,Syd,Meriel.Syd@yopmail.com,Meriel.Syd@gmail.com,police officer,381
481,Korrie,Raffo,Korrie.Raffo@yopmail.com,Korrie.Raffo@gmail.com,developer,382
482,Maridel,Yoko,Maridel.Yoko@yopmail.com,Maridel.Yoko@gmail.com,police officer,383
483,June,Jefferey,June.Jefferey@yopmail.com,June.Jefferey@gmail.com,firefighter,384
484,Shaylyn,Neva,Shaylyn.Neva@yopmail.com,Shaylyn.Neva@gmail.com,developer,385
485,Claudina,Laverne,Claudina.Laverne@yopmail.com,Claudina.Laverne@gmail.com,firefighter,386
486,Donetta,Federica,Donetta.Federica@yopmail.com,Donetta.Federica@gmail.com,doctor,387
487,Orsola,Liva,Orsola.Liva@yopmail.com,Orsola.Liva@gmail.com,police officer,388
488,Collen,Aaberg,Collen.Aaberg@yopmail.com,Collen.Aaberg@gmail.com,worker,389
489,Dorice,Dosia,Dorice.Dosia@yopmail.com,Dorice.Dosia@gmail.com,police officer,390
490,Lily,Bohlin,Lily.Bohlin@yopmail.com,Lily.Bohlin@gmail.com,doctor,391
491,Kial,Gibbeon,Kial.Gibbeon@yopmail.com,Kial.Gibbeon@gmail.com,developer,392
492,Jeanna,Percy,Jeanna.Percy@yopmail.com,Jeanna.Percy@gmail.com,developer,393
493,Elise,Cleavland,Elise.Cleavland@yopmail.com,Elise.Cleavland@gmail.com,firefighter,394
494,Rochette,Tound,Rochette.Tound@yopmail.com,Rochette.Tound@gmail.com,doctor,395
495,Cissiee,Zamora,Cissiee.Zamora@yopmail.com,Cissiee.Zamora@gmail.com,police officer,396
496,Catharine,Ardeha,Catharine.Ardeha@yopmail.com,Catharine.Ardeha@gmail.com,worker,397
497,Sam,Turne,Sam.Turne@yopmail.com,Sam.Turne@gmail.com,doctor,398
498,Sashenka,Libna,Sashenka.Libna@yopmail.com,Sashenka.Libna@gmail.com,developer,399
499,Emelina,Swigart,Emelina.Swigart@yopmail.com,Emelina.Swigart@gmail.com,police officer,400
500,Alex,Andrel,Alex.Andrel@yopmail.com,Alex.Andrel@gmail.com,developer,401
501,Britni,Yam,Britni.Yam@yopmail.com,Britni.Yam@gmail.com,police officer,402
502,Paule,Felecia,Paule.Felecia@yopmail.com,Paule.Felecia@gmail.com,doctor,403
503,Nonnah,Cherianne,Nonnah.Cherianne@yopmail.com,Nonnah.Cherianne@gmail.com,doctor,404
504,Merry,Bashemeth,Merry.Bashemeth@yopmail.com,Merry.Bashemeth@gmail.com,firefighter,405
505,Clementine,Joli,Clementine.Joli@yopmail.com,Clementine.Joli@gmail.com,doctor,406
506,Merle,Miru,Merle.Miru@yopmail.com,Merle.Miru@gmail.com,firefighter,407
507,Tiffie,Othilia,Tiffie.Othilia@yopmail.com,Tiffie.Othilia@gmail.com,worker,408
508,Hope,Brandice,Hope.Brandice@yopmail.com,Hope.Brandice@gmail.com,doctor,409
509,Elora,Stav,Elora.Stav@yopmail.com,Elora.Stav@gmail.com,police officer,410
510,Elise,Hirsch,Elise.Hirsch@yopmail.com,Elise.Hirsch@gmail.com,worker,411
511,Minne,Suzetta,Minne.Suzetta@yopmail.com,Minne.Suzetta@gmail.com,developer,412
512,Mathilda,Pascia,Mathilda.Pascia@yopmail.com,Mathilda.Pascia@gmail.com,worker,413
513,Maryellen,Fairweather,Maryellen.Fairweather@yopmail.com,Maryellen.Fairweather@gmail.com,firefighter,414
514,Corina,Alejoa,Corina.Alejoa@yopmail.com,Corina.Alejoa@gmail.com,police officer,415
515,Berta,Aurelio,Berta.Aurelio@yopmail.com,Berta.Aurelio@gmail.com,developer,416
516,Mathilda,Vanni,Mathilda.Vanni@yopmail.com,Mathilda.Vanni@gmail.com,doctor,417
517,Jerry,Si,Jerry.Si@yopmail.com,Jerry.Si@gmail.com,police officer,418
518,Viviene,Lorenz,Viviene.Lorenz@yopmail.com,Viviene.Lorenz@gmail.com,firefighter,419
519,Ann-Marie,Prober,Ann-Marie.Prober@yopmail.com,Ann-Marie.Prober@gmail.com,worker,420
520,Rosanne,Si,Rosanne.Si@yopmail.com,Rosanne.Si@gmail.com,firefighter,421
521,Nicoli,Garek,Nicoli.Garek@yopmail.com,Nicoli.Garek@gmail.com,worker,422
522,Catrina,Abram,Catrina.Abram@yopmail.com,Catrina.Abram@gmail.com,police officer,423
523,Gratia,Bethany,Gratia.Bethany@yopmail.com,Gratia.Bethany@gmail.com,police officer,424
524,Etta,Jerold,Etta.Jerold@yopmail.com,Etta.Jerold@gmail.com,police officer,425
525,Pamella,Roche,Pamella.Roche@yopmail.com,Pamella.Roche@gmail.com,worker,426
526,Jaime,Richers,Jaime.Richers@yopmail.com,Jaime.Richers@gmail.com,firefighter,427
527,Deedee,Jeanne,Deedee.Jeanne@yopmail.com,Deedee.Jeanne@gmail.com,doctor,428
528,Miquela,Lia,Miquela.Lia@yopmail.com,Miquela.Lia@gmail.com,worker,429
529,Carlie,Engdahl,Carlie.Engdahl@yopmail.com,Carlie.Engdahl@gmail.com,firefighter,430
530,Norine,Niles,Norine.Niles@yopmail.com,Norine.Niles@gmail.com,worker,431
531,Alex,Blake,Alex.Blake@yopmail.com,Alex.Blake@gmail.com,firefighter,432
532,Jobi,August,Jobi.August@yopmail.com,Jobi.August@gmail.com,worker,433
533,Adele,Pond,Adele.Pond@yopmail.com,Adele.Pond@gmail.com,developer,434
534,Clo,Beebe,Clo.Beebe@yopmail.com,Clo.Beebe@gmail.com,doctor,435
535,Annecorinne,Naor,Annecorinne.Naor@yopmail.com,Annecorinne.Naor@gmail.com,firefighter,436
536,Kara-Lynn,Toni,Kara-Lynn.Toni@yopmail.com,Kara-Lynn.Toni@gmail.com,police officer,437
537,Gabriellia,Medrek,Gabriellia.Medrek@yopmail.com,Gabriellia.Medrek@gmail.com,doctor,438
538,Marguerite,Sabella,Marguerite.Sabella@yopmail.com,Marguerite.Sabella@gmail.com,developer,439
539,Janis,Celestine,Janis.Celestine@yopmail.com,Janis.Celestine@gmail.com,doctor,440
540,Caryl,Milson,Caryl.Milson@yopmail.com,Caryl.Milson@gmail.com,worker,441
541,Aili,Elbertina,Aili.Elbertina@yopmail.com,Aili.Elbertina@gmail.com,developer,442
542,Daryl,Screens,Daryl.Screens@yopmail.com,Daryl.Screens@gmail.com,doctor,443
543,Tabbatha,Merna,Tabbatha.Merna@yopmail.com,Tabbatha.Merna@gmail.com,police officer,444
544,Lynnea,Bultman,Lynnea.Bultman@yopmail.com,Lynnea.Bultman@gmail.com,worker,445
545,Darlleen,Dichy,Darlleen.Dichy@yopmail.com,Darlleen.Dichy@gmail.com,firefighter,446
546,Heddie,Mintz,Heddie.Mintz@yopmail.com,Heddie.Mintz@gmail.com,firefighter,447
547,Tierney,Gamaliel,Tierney.Gamaliel@yopmail.com,Tierney.Gamaliel@gmail.com,police officer,448
548,Tybie,Pitt,Tybie.Pitt@yopmail.com,Tybie.Pitt@gmail.com,police officer,449
549,Fina,Rogerio,Fina.Rogerio@yopmail.com,Fina.Rogerio@gmail.com,worker,450
550,Trudie,Behre,Trudie.Behre@yopmail.com,Trudie.Behre@gmail.com,police officer,451
551,Allyce,Marsden,Allyce.Marsden@yopmail.com,Allyce.Marsden@gmail.com,worker,452
552,Deedee,Mott,Deedee.Mott@yopmail.com,Deedee.Mott@gmail.com,firefighter,453
553,Melodie,Orlene,Melodie.Orlene@yopmail.com,Melodie.Orlene@gmail.com,developer,454
554,Lusa,Cottle,Lusa.Cottle@yopmail.com,Lusa.Cottle@gmail.com,firefighter,455
555,Jerry,Imelida,Jerry.Imelida@yopmail.com,Jerry.Imelida@gmail.com,developer,456
556,Gaylene,Skurnik,Gaylene.Skurnik@yopmail.com,Gaylene.Skurnik@gmail.com,worker,457
557,Kimberley,Sinegold,Kimberley.Sinegold@yopmail.com,Kimberley.Sinegold@gmail.com,developer,458
558,Lolita,Sheng,Lolita.Sheng@yopmail.com,Lolita.Sheng@gmail.com,doctor,459
559,Cam,Doig,Cam.Doig@yopmail.com,Cam.Doig@gmail.com,police officer,460
560,Jemie,Blase,Jemie.Blase@yopmail.com,Jemie.Blase@gmail.com,firefighter,461
561,Tracey,Mitzi,Tracey.Mitzi@yopmail.com,Tracey.Mitzi@gmail.com,worker,462
562,Agathe,Hanleigh,Agathe.Hanleigh@yopmail.com,Agathe.Hanleigh@gmail.com,doctor,463
563,Rosabelle,Orelee,Rosabelle.Orelee@yopmail.com,Rosabelle.Orelee@gmail.com,firefighter,464
564,Brandise,Eckblad,Brandise.Eckblad@yopmail.com,Brandise.Eckblad@gmail.com,police officer,465
565,Luci,Magnolia,Luci.Magnolia@yopmail.com,Luci.Magnolia@gmail.com,developer,466
566,Anica,Marisa,Anica.Marisa@yopmail.com,Anica.Marisa@gmail.com,worker,467
567,Carmela,Howlyn,Carmela.Howlyn@yopmail.com,Carmela.Howlyn@gmail.com,firefighter,468
568,Lita,Dyche,Lita.Dyche@yopmail.com,Lita.Dyche@gmail.com,worker,469
569,Heddie,Bethany,Heddie.Bethany@yopmail.com,Heddie.Bethany@gmail.com,worker,470
570,Madeleine,Harned,Madeleine.Harned@yopmail.com,Madeleine.Harned@gmail.com,developer,471
571,Janis,Miru,Janis.Miru@yopmail.com,Janis.Miru@gmail.com,doctor,472
572,Oralee,Marden,Oralee.Marden@yopmail.com,Oralee.Marden@gmail.com,worker,473
573,Sashenka,Ingra,Sashenka.Ingra@yopmail.com,Sashenka.Ingra@gmail.com,firefighter,474
574,Zaria,Baudin,Zaria.Baudin@yopmail.com,Zaria.Baudin@gmail.com,developer,475
575,Shaylyn,Pettiford,Shaylyn.Pettiford@yopmail.com,Shaylyn.Pettiford@gmail.com,doctor,476
576,Neila,Damarra,Neila.Damarra@yopmail.com,Neila.Damarra@gmail.com,firefighter,477
577,Anthia,Caitlin,Anthia.Caitlin@yopmail.com,Anthia.Caitlin@gmail.com,doctor,478
578,Claudina,Ovid,Claudina.Ovid@yopmail.com,Claudina.Ovid@gmail.com,police officer,479
579,Kerrin,Halsey,Kerrin.Halsey@yopmail.com,Kerrin.Halsey@gmail.com,doctor,480
580,Kore,Roarke,Kore.Roarke@yopmail.com,Kore.Roarke@gmail.com,developer,481
581,Vanessa,Justinn,Vanessa.Justinn@yopmail.com,Vanessa.Justinn@gmail.com,police officer,482
582,Frank,Ophelia,Frank.Ophelia@yopmail.com,Frank.Ophelia@gmail.com,developer,483
583,Debee,Byrne,Debee.Byrne@yopmail.com,Debee.Byrne@gmail.com,doctor,484
584,Damaris,Pernick,Damaris.Pernick@yopmail.com,Damaris.Pernick@gmail.com,police officer,485
585,Donetta,Percy,Donetta.Percy@yopmail.com,Donetta.Percy@gmail.com,police officer,486
586,Dari,Lail,Dari.Lail@yopmail.com,Dari.Lail@gmail.com,doctor,487
587,Sybille,Telfer,Sybille.Telfer@yopmail.com,Sybille.Telfer@gmail.com,police officer,488
588,Codie,Baptlsta,Codie.Baptlsta@yopmail.com,Codie.Baptlsta@gmail.com,worker,489
589,Marguerite,Kress,Marguerite.Kress@yopmail.com,Marguerite.Kress@gmail.com,developer,490
590,Helena,Johanna,Helena.Johanna@yopmail.com,Helena.Johanna@gmail.com,firefighter,491
591,Aili,Voletta,Aili.Voletta@yopmail.com,Aili.Voletta@gmail.com,doctor,492
592,Michaelina,Amand,Michaelina.Amand@yopmail.com,Michaelina.Amand@gmail.com,developer,493
593,Robbi,Velick,Robbi.Velick@yopmail.com,Robbi.Velick@gmail.com,firefighter,494
594,Frank,Monk,Frank.Monk@yopmail.com,Frank.Monk@gmail.com,firefighter,495
595,Hettie,Boehike,Hettie.Boehike@yopmail.com,Hettie.Boehike@gmail.com,developer,496
596,Tierney,Autrey,Tierney.Autrey@yopmail.com,Tierney.Autrey@gmail.com,firefighter,497
597,Ketti,Lenny,Ketti.Lenny@yopmail.com,Ketti.Lenny@gmail.com,developer,498
598,Tina,Ackerley,Tina.Ackerley@yopmail.com,Tina.Ackerley@gmail.com,doctor,499
599,Oralee,Reneta,Oralee.Reneta@yopmail.com,Oralee.Reneta@gmail.com,firefighter,500
600,Andree,Liva,Andree.Liva@yopmail.com,Andree.Liva@gmail.com,doctor,501
601,Agnese,Charmine,Agnese.Charmine@yopmail.com,Agnese.Charmine@gmail.com,developer,502
602,Joleen,Merat,Joleen.Merat@yopmail.com,Joleen.Merat@gmail.com,doctor,503
603,Marleah,Gert,Marleah.Gert@yopmail.com,Marleah.Gert@gmail.com,developer,504
604,Carly,Durware,Carly.Durware@yopmail.com,Carly.Durware@gmail.com,firefighter,505
605,Nannie,Shaver,Nannie.Shaver@yopmail.com,Nannie.Shaver@gmail.com,firefighter,506
606,Jessy,Paine,Jessy.Paine@yopmail.com,Jessy.Paine@gmail.com,doctor,507
607,Clo,Evvie,Clo.Evvie@yopmail.com,Clo.Evvie@gmail.com,developer,508
608,Meriel,Hunfredo,Meriel.Hunfredo@yopmail.com,Meriel.Hunfredo@gmail.com,firefighter,509
609,Augustine,Moseley,Augustine.Moseley@yopmail.com,Augustine.Moseley@gmail.com,developer,510
610,Amii,Stav,Amii.Stav@yopmail.com,Amii.Stav@gmail.com,firefighter,511
611,Adriana,Silvan,Adriana.Silvan@yopmail.com,Adriana.Silvan@gmail.com,doctor,512
612,Keelia,Garlinda,Keelia.Garlinda@yopmail.com,Keelia.Garlinda@gmail.com,firefighter,513
613,Julieta,Sigfrid,Julieta.Sigfrid@yopmail.com,Julieta.Sigfrid@gmail.com,police officer,514
614,Correy,Malina,Correy.Malina@yopmail.com,Correy.Malina@gmail.com,doctor,515
615,Ellette,Toffic,Ellette.Toffic@yopmail.com,Ellette.Toffic@gmail.com,firefighter,516
616,Paulita,Gunn,Paulita.Gunn@yopmail.com,Paulita.Gunn@gmail.com,developer,517
617,Bee,Chabot,Bee.Chabot@yopmail.com,Bee.Chabot@gmail.com,police officer,518
618,Sissy,Buffum,Sissy.Buffum@yopmail.com,Sissy.Buffum@gmail.com,police officer,519
619,Annora,Hazlett,Annora.Hazlett@yopmail.com,Annora.Hazlett@gmail.com,developer,520
620,Goldie,Cordi,Goldie.Cordi@yopmail.com,Goldie.Cordi@gmail.com,police officer,521
621,Carlie,Mitzi,Carlie.Mitzi@yopmail.com,Carlie.Mitzi@gmail.com,firefighter,522
622,Oralee,Gavrila,Oralee.Gavrila@yopmail.com,Oralee.Gavrila@gmail.com,firefighter,523
623,Sam,Breed,Sam.Breed@yopmail.com,Sam.Breed@gmail.com,firefighter,524
624,Hannis,Sikorski,Hannis.Sikorski@yopmail.com,Hannis.Sikorski@gmail.com,developer,525
625,Karlee,Othilia,Karlee.Othilia@yopmail.com,Karlee.Othilia@gmail.com,doctor,526
626,Wendi,Henebry,Wendi.Henebry@yopmail.com,Wendi.Henebry@gmail.com,developer,527
627,Mara,Deegan,Mara.Deegan@yopmail.com,Mara.Deegan@gmail.com,firefighter,528
628,Catrina,Montgomery,Catrina.Montgomery@yopmail.com,Catrina.Montgomery@gmail.com,developer,529
629,Gloria,Connelly,Gloria.Connelly@yopmail.com,Gloria.Connelly@gmail.com,worker,530
630,Isa,Herrera,Isa.Herrera@yopmail.com,Isa.Herrera@gmail.com,police officer,531
631,Heddie,Loleta,Heddie.Loleta@yopmail.com,Heddie.Loleta@gmail.com,police officer,532
632,Babita,Ardra,Babita.Ardra@yopmail.com,Babita.Ardra@gmail.com,worker,533
633,Dari,Cressida,Dari.Cressida@yopmail.com,Dari.Cressida@gmail.com,worker,534
634,Karlee,Adalbert,Karlee.Adalbert@yopmail.com,Karlee.Adalbert@gmail.com,doctor,535
635,Amara,Nance,Amara.Nance@yopmail.com,Amara.Nance@gmail.com,worker,536
636,Louella,Wyn,Louella.Wyn@yopmail.com,Louella.Wyn@gmail.com,worker,537
637,Rosanne,Klemperer,Rosanne.Klemperer@yopmail.com,Rosanne.Klemperer@gmail.com,developer,538
638,Alex,Tillford,Alex.Tillford@yopmail.com,Alex.Tillford@gmail.com,developer,539
639,Frieda,Jehu,Frieda.Jehu@yopmail.com,Frieda.Jehu@gmail.com,police officer,540
640,Gianina,Johanna,Gianina.Johanna@yopmail.com,Gianina.Johanna@gmail.com,firefighter,541
641,Zsa Zsa,Franza,Zsa Zsa.Franza@yopmail.com,Zsa Zsa.Franza@gmail.com,developer,542
642,Melanie,Anestassia,Melanie.Anestassia@yopmail.com,Melanie.Anestassia@gmail.com,firefighter,543
643,Annaliese,Ventre,Annaliese.Ventre@yopmail.com,Annaliese.Ventre@gmail.com,doctor,544
644,Clarice,Han,Clarice.Han@yopmail.com,Clarice.Han@gmail.com,doctor,545
645,Carolina,Erlandson,Carolina.Erlandson@yopmail.com,Carolina.Erlandson@gmail.com,police officer,546
646,Alie,Audly,Alie.Audly@yopmail.com,Alie.Audly@gmail.com,developer,547
647,Collen,Desai,Collen.Desai@yopmail.com,Collen.Desai@gmail.com,doctor,548
648,Berget,Flita,Berget.Flita@yopmail.com,Berget.Flita@gmail.com,firefighter,549
649,Jolyn,Cordi,Jolyn.Cordi@yopmail.com,Jolyn.Cordi@gmail.com,doctor,550
650,Marcelline,Duwalt,Marcelline.Duwalt@yopmail.com,Marcelline.Duwalt@gmail.com,developer,551
651,Basia,Tacye,Basia.Tacye@yopmail.com,Basia.Tacye@gmail.com,worker,552
652,Ekaterina,Palocz,Ekaterina.Palocz@yopmail.com,Ekaterina.Palocz@gmail.com,doctor,553
653,Leona,Kiyoshi,Leona.Kiyoshi@yopmail.com,Leona.Kiyoshi@gmail.com,firefighter,554
654,Merry,Callista,Merry.Callista@yopmail.com,Merry.Callista@gmail.com,developer,555
655,Concettina,Bonilla,Concettina.Bonilla@yopmail.com,Concettina.Bonilla@gmail.com,developer,556
656,Elbertina,Gaynor,Elbertina.Gaynor@yopmail.com,Elbertina.Gaynor@gmail.com,doctor,557
657,Carly,Giule,Carly.Giule@yopmail.com,Carly.Giule@gmail.com,firefighter,558
658,Hildegaard,Frendel,Hildegaard.Frendel@yopmail.com,Hildegaard.Frendel@gmail.com,firefighter,559
659,Elyssa,Gino,Elyssa.Gino@yopmail.com,Elyssa.Gino@gmail.com,doctor,560
660,Oralee,Karna,Oralee.Karna@yopmail.com,Oralee.Karna@gmail.com,doctor,561
661,Annaliese,Creamer,Annaliese.Creamer@yopmail.com,Annaliese.Creamer@gmail.com,police officer,562
662,Dulce,Leary,Dulce.Leary@yopmail.com,Dulce.Leary@gmail.com,developer,563
663,Fidelia,Ochs,Fidelia.Ochs@yopmail.com,Fidelia.Ochs@gmail.com,developer,564
664,Gabi,Pandolfi,Gabi.Pandolfi@yopmail.com,Gabi.Pandolfi@gmail.com,developer,565
665,Tera,Hashim,Tera.Hashim@yopmail.com,Tera.Hashim@gmail.com,police officer,566
666,Morganica,Tannie,Morganica.Tannie@yopmail.com,Morganica.Tannie@gmail.com,worker,567
667,Neila,Arne,Neila.Arne@yopmail.com,Neila.Arne@gmail.com,worker,568
668,Mary,Dorine,Mary.Dorine@yopmail.com,Mary.Dorine@gmail.com,worker,569
669,Mallory,Wilkinson,Mallory.Wilkinson@yopmail.com,Mallory.Wilkinson@gmail.com,firefighter,570
670,Libbie,Timon,Libbie.Timon@yopmail.com,Libbie.Timon@gmail.com,police officer,571
671,Nananne,Libna,Nananne.Libna@yopmail.com,Nananne.Libna@gmail.com,worker,572
672,Amalie,Yuille,Amalie.Yuille@yopmail.com,Amalie.Yuille@gmail.com,police officer,573
673,Kimmy,Borrell,Kimmy.Borrell@yopmail.com,Kimmy.Borrell@gmail.com,developer,574
674,Tiffie,Hutchison,Tiffie.Hutchison@yopmail.com,Tiffie.Hutchison@gmail.com,developer,575
675,Pamella,Forrer,Pamella.Forrer@yopmail.com,Pamella.Forrer@gmail.com,police officer,576
676,Selia,Pyle,Selia.Pyle@yopmail.com,Selia.Pyle@gmail.com,developer,577
677,Elena,Vernier,Elena.Vernier@yopmail.com,Elena.Vernier@gmail.com,police officer,578
678,Ilse,Chrystel,Ilse.Chrystel@yopmail.com,Ilse.Chrystel@gmail.com,firefighter,579
679,Gabi,Jethro,Gabi.Jethro@yopmail.com,Gabi.Jethro@gmail.com,police officer,580
680,Berta,Pierette,Berta.Pierette@yopmail.com,Berta.Pierette@gmail.com,worker,581
681,Dyann,Levey,Dyann.Levey@yopmail.com,Dyann.Levey@gmail.com,firefighter,582
682,Bertine,Pandolfi,Bertine.Pandolfi@yopmail.com,Bertine.Pandolfi@gmail.com,worker,583
683,Jenda,Ehrman,Jenda.Ehrman@yopmail.com,Jenda.Ehrman@gmail.com,doctor,584
684,Dale,Darrell,Dale.Darrell@yopmail.com,Dale.Darrell@gmail.com,police officer,585
685,Fawne,Konyn,Fawne.Konyn@yopmail.com,Fawne.Konyn@gmail.com,firefighter,586
686,Riannon,Emanuel,Riannon.Emanuel@yopmail.com,Riannon.Emanuel@gmail.com,police officer,587
687,Binny,Brady,Binny.Brady@yopmail.com,Binny.Brady@gmail.com,worker,588
688,Inga,Milde,Inga.Milde@yopmail.com,Inga.Milde@gmail.com,firefighter,589
689,Tilly,Willie,Tilly.Willie@yopmail.com,Tilly.Willie@gmail.com,police officer,590
690,Sean,Chandler,Sean.Chandler@yopmail.com,Sean.Chandler@gmail.com,police officer,591
691,Leontine,Lanita,Leontine.Lanita@yopmail.com,Leontine.Lanita@gmail.com,firefighter,592
692,Karly,Salvidor,Karly.Salvidor@yopmail.com,Karly.Salvidor@gmail.com,worker,593
693,Mathilda,Hoban,Mathilda.Hoban@yopmail.com,Mathilda.Hoban@gmail.com,police officer,594
694,Bernardine,Brodench,Bernardine.Brodench@yopmail.com,Bernardine.Brodench@gmail.com,police officer,595
695,Dolli,Cornelia,Dolli.Cornelia@yopmail.com,Dolli.Cornelia@gmail.com,firefighter,596
696,Valeda,Millda,Valeda.Millda@yopmail.com,Valeda.Millda@gmail.com,doctor,597
697,Tersina,Verger,Tersina.Verger@yopmail.com,Tersina.Verger@gmail.com,developer,598
698,Aili,Ethban,Aili.Ethban@yopmail.com,Aili.Ethban@gmail.com,firefighter,599
699,Cissiee,Margret,Cissiee.Margret@yopmail.com,Cissiee.Margret@gmail.com,police officer,600
700,Gwenneth,Haymes,Gwenneth.Haymes@yopmail.com,Gwenneth.Haymes@gmail.com,police officer,601
701,Nelle,Mike,Nelle.Mike@yopmail.com,Nelle.Mike@gmail.com,doctor,602
702,Elyssa,Niles,Elyssa.Niles@yopmail.com,Elyssa.Niles@gmail.com,police officer,603
703,Ada,Marcellus,Ada.Marcellus@yopmail.com,Ada.Marcellus@gmail.com,police officer,604
704,Rebeca,Teddman,Rebeca.Teddman@yopmail.com,Rebeca.Teddman@gmail.com,developer,605
705,Christal,Hoenack,Christal.Hoenack@yopmail.com,Christal.Hoenack@gmail.com,firefighter,606
706,Eugine,McNully,Eugine.McNully@yopmail.com,Eugine.McNully@gmail.com,worker,607
707,Marti,Fredi,Marti.Fredi@yopmail.com,Marti.Fredi@gmail.com,developer,608
708,Rochette,Laurianne,Rochette.Laurianne@yopmail.com,Rochette.Laurianne@gmail.com,firefighter,609
709,Emma,Yerkovich,Emma.Yerkovich@yopmail.com,Emma.Yerkovich@gmail.com,police officer,610
710,Joane,Grimbly,Joane.Grimbly@yopmail.com,Joane.Grimbly@gmail.com,doctor,611
711,Ingrid,Taima,Ingrid.Taima@yopmail.com,Ingrid.Taima@gmail.com,police officer,612
712,Elbertina,Waite,Elbertina.Waite@yopmail.com,Elbertina.Waite@gmail.com,worker,613
713,Ulrike,Annice,Ulrike.Annice@yopmail.com,Ulrike.Annice@gmail.com,police officer,614
714,Dorthy,Tristram,Dorthy.Tristram@yopmail.com,Dorthy.Tristram@gmail.com,firefighter,615
715,Danny,Maxi,Danny.Maxi@yopmail.com,Danny.Maxi@gmail.com,worker,616
716,Chandra,Noelyn,Chandra.Noelyn@yopmail.com,Chandra.Noelyn@gmail.com,worker,617
717,Magdalena,Giff,Magdalena.Giff@yopmail.com,Magdalena.Giff@gmail.com,doctor,618
718,Calla,Podvin,Calla.Podvin@yopmail.com,Calla.Podvin@gmail.com,police officer,619
719,Camile,Letsou,Camile.Letsou@yopmail.com,Camile.Letsou@gmail.com,worker,620
720,Alisha,Ferrell,Alisha.Ferrell@yopmail.com,Alisha.Ferrell@gmail.com,worker,621
721,Janis,Brackely,Janis.Brackely@yopmail.com,Janis.Brackely@gmail.com,doctor,622
722,Marika,Tamar,Marika.Tamar@yopmail.com,Marika.Tamar@gmail.com,police officer,623
723,Genovera,Tacye,Genovera.Tacye@yopmail.com,Genovera.Tacye@gmail.com,doctor,624
724,Leeanne,Annabella,Leeanne.Annabella@yopmail.com,Leeanne.Annabella@gmail.com,worker,625
725,Britte,Crudden,Britte.Crudden@yopmail.com,Britte.Crudden@gmail.com,doctor,626
726,Eugine,Earlie,Eugine.Earlie@yopmail.com,Eugine.Earlie@gmail.com,firefighter,627
727,Fina,Ilka,Fina.Ilka@yopmail.com,Fina.Ilka@gmail.com,police officer,628
728,Lauryn,Lenny,Lauryn.Lenny@yopmail.com,Lauryn.Lenny@gmail.com,worker,629
729,Anica,Gilmour,Anica.Gilmour@yopmail.com,Anica.Gilmour@gmail.com,firefighter,630
730,Marleah,Mullane,Marleah.Mullane@yopmail.com,Marleah.Mullane@gmail.com,police officer,631
731,Nataline,Eugenia,Nataline.Eugenia@yopmail.com,Nataline.Eugenia@gmail.com,worker,632
732,Chickie,Skell,Chickie.Skell@yopmail.com,Chickie.Skell@gmail.com,developer,633
733,Perry,Stefa,Perry.Stefa@yopmail.com,Perry.Stefa@gmail.com,firefighter,634
734,Halette,Aurelio,Halette.Aurelio@yopmail.com,Halette.Aurelio@gmail.com,doctor,635
735,Vere,Evangelia,Vere.Evangelia@yopmail.com,Vere.Evangelia@gmail.com,worker,636
736,Jessamyn,Ricki,Jessamyn.Ricki@yopmail.com,Jessamyn.Ricki@gmail.com,worker,637
737,Feliza,Melony,Feliza.Melony@yopmail.com,Feliza.Melony@gmail.com,doctor,638
738,Larine,Rad,Larine.Rad@yopmail.com,Larine.Rad@gmail.com,worker,639
739,Myrtice,Amand,Myrtice.Amand@yopmail.com,Myrtice.Amand@gmail.com,doctor,640
740,Mady,Madox,Mady.Madox@yopmail.com,Mady.Madox@gmail.com,doctor,641
741,Kary,Charmine,Kary.Charmine@yopmail.com,Kary.Charmine@gmail.com,developer,642
742,Janis,Ralfston,Janis.Ralfston@yopmail.com,Janis.Ralfston@gmail.com,developer,643
743,Miquela,Dominy,Miquela.Dominy@yopmail.com,Miquela.Dominy@gmail.com,doctor,644
744,Millie,Autrey,Millie.Autrey@yopmail.com,Millie.Autrey@gmail.com,firefighter,645
745,Carmencita,Goddard,Carmencita.Goddard@yopmail.com,Carmencita.Goddard@gmail.com,doctor,646
746,Alisha,Alrich,Alisha.Alrich@yopmail.com,Alisha.Alrich@gmail.com,doctor,647
747,Beth,Weide,Beth.Weide@yopmail.com,Beth.Weide@gmail.com,developer,648
748,Zsa Zsa,Lowry,Zsa Zsa.Lowry@yopmail.com,Zsa Zsa.Lowry@gmail.com,doctor,649
749,Aryn,Suk,Aryn.Suk@yopmail.com,Aryn.Suk@gmail.com,worker,650
750,Linzy,Revkah,Linzy.Revkah@yopmail.com,Linzy.Revkah@gmail.com,doctor,651
751,Goldie,Gilmour,Goldie.Gilmour@yopmail.com,Goldie.Gilmour@gmail.com,developer,652
752,Addia,Gherardo,Addia.Gherardo@yopmail.com,Addia.Gherardo@gmail.com,doctor,653
753,Regina,Jobi,Regina.Jobi@yopmail.com,Regina.Jobi@gmail.com,doctor,654
754,Marika,Grobe,Marika.Grobe@yopmail.com,Marika.Grobe@gmail.com,doctor,655
755,Inga,Dahlia,Inga.Dahlia@yopmail.com,Inga.Dahlia@gmail.com,police officer,656
756,Giustina,Lanita,Giustina.Lanita@yopmail.com,Giustina.Lanita@gmail.com,developer,657
757,Barbara,Zitvaa,Barbara.Zitvaa@yopmail.com,Barbara.Zitvaa@gmail.com,worker,658
758,Christian,Blase,Christian.Blase@yopmail.com,Christian.Blase@gmail.com,worker,659
759,Valli,Carolin,Valli.Carolin@yopmail.com,Valli.Carolin@gmail.com,police officer,660
760,Rosanne,Hull,Rosanne.Hull@yopmail.com,Rosanne.Hull@gmail.com,worker,661
761,Mary,Rugen,Mary.Rugen@yopmail.com,Mary.Rugen@gmail.com,developer,662
762,Claresta,Bibi,Claresta.Bibi@yopmail.com,Claresta.Bibi@gmail.com,developer,663
763,Laure,Cookie,Laure.Cookie@yopmail.com,Laure.Cookie@gmail.com,doctor,664
764,Trudie,Nicoline,Trudie.Nicoline@yopmail.com,Trudie.Nicoline@gmail.com,police officer,665
765,Dotty,Elbertina,Dotty.Elbertina@yopmail.com,Dotty.Elbertina@gmail.com,doctor,666
766,Meriel,Ummersen,Meriel.Ummersen@yopmail.com,Meriel.Ummersen@gmail.com,developer,667
767,Barbara,Kalinda,Barbara.Kalinda@yopmail.com,Barbara.Kalinda@gmail.com,doctor,668
768,Hildegaard,Kamaria,Hildegaard.Kamaria@yopmail.com,Hildegaard.Kamaria@gmail.com,doctor,669
769,Renae,Libna,Renae.Libna@yopmail.com,Renae.Libna@gmail.com,firefighter,670
770,Andree,Stilwell,Andree.Stilwell@yopmail.com,Andree.Stilwell@gmail.com,firefighter,671
771,Wendi,Miru,Wendi.Miru@yopmail.com,Wendi.Miru@gmail.com,worker,672
772,Bobbi,Fulmer,Bobbi.Fulmer@yopmail.com,Bobbi.Fulmer@gmail.com,developer,673
773,Cristabel,Lacombe,Cristabel.Lacombe@yopmail.com,Cristabel.Lacombe@gmail.com,developer,674
774,Zaria,Boycey,Zaria.Boycey@yopmail.com,Zaria.Boycey@gmail.com,firefighter,675
775,Candy,Ummersen,Candy.Ummersen@yopmail.com,Candy.Ummersen@gmail.com,police officer,676
776,Renae,Kiersten,Renae.Kiersten@yopmail.com,Renae.Kiersten@gmail.com,doctor,677
777,Babita,Brittani,Babita.Brittani@yopmail.com,Babita.Brittani@gmail.com,worker,678
778,Ulrike,Khorma,Ulrike.Khorma@yopmail.com,Ulrike.Khorma@gmail.com,doctor,679
779,Kate,Pernick,Kate.Pernick@yopmail.com,Kate.Pernick@gmail.com,firefighter,680
780,Libbie,Blase,Libbie.Blase@yopmail.com,Libbie.Blase@gmail.com,developer,681
781,Elora,Ulphia,Elora.Ulphia@yopmail.com,Elora.Ulphia@gmail.com,worker,682
782,Jinny,Allare,Jinny.Allare@yopmail.com,Jinny.Allare@gmail.com,firefighter,683
783,Sabina,Dermott,Sabina.Dermott@yopmail.com,Sabina.Dermott@gmail.com,developer,684
784,Justinn,Halsey,Justinn.Halsey@yopmail.com,Justinn.Halsey@gmail.com,police officer,685
785,Teriann,Ardeha,Teriann.Ardeha@yopmail.com,Teriann.Ardeha@gmail.com,doctor,686
786,Georgina,Whiffen,Georgina.Whiffen@yopmail.com,Georgina.Whiffen@gmail.com,police officer,687
787,Brynna,Weaks,Brynna.Weaks@yopmail.com,Brynna.Weaks@gmail.com,worker,688
788,Meghann,Roxanna,Meghann.Roxanna@yopmail.com,Meghann.Roxanna@gmail.com,developer,689
789,Tiffie,Tamsky,Tiffie.Tamsky@yopmail.com,Tiffie.Tamsky@gmail.com,doctor,690
790,Gilda,Flyn,Gilda.Flyn@yopmail.com,Gilda.Flyn@gmail.com,doctor,691
791,Marti,Wadell,Marti.Wadell@yopmail.com,Marti.Wadell@gmail.com,police officer,692
792,Roxane,McLaughlin,Roxane.McLaughlin@yopmail.com,Roxane.McLaughlin@gmail.com,police officer,693
793,Augustine,Revkah,Augustine.Revkah@yopmail.com,Augustine.Revkah@gmail.com,developer,694
794,Benita,Harday,Benita.Harday@yopmail.com,Benita.Harday@gmail.com,police officer,695
795,Shel,Wattenberg,Shel.Wattenberg@yopmail.com,Shel.Wattenberg@gmail.com,doctor,696
796,Kristan,Fax,Kristan.Fax@yopmail.com,Kristan.Fax@gmail.com,doctor,697
797,Jere,Greyson,Jere.Greyson@yopmail.com,Jere.Greyson@gmail.com,developer,698
798,Mallory,Wilkinson,Mallory.Wilkinson@yopmail.com,Mallory.Wilkinson@gmail.com,developer,699
799,Mariele,Mike,Mariele.Mike@yopmail.com,Mariele.Mike@gmail.com,developer,700
800,Jordan,Zrike,Jordan.Zrike@yopmail.com,Jordan.Zrike@gmail.com,firefighter,701
801,Therine,Carleen,Therine.Carleen@yopmail.com,Therine.Carleen@gmail.com,worker,702
802,Patricia,Hurley,Patricia.Hurley@yopmail.com,Patricia.Hurley@gmail.com,worker,703
803,Rhoda,Evvie,Rhoda.Evvie@yopmail.com,Rhoda.Evvie@gmail.com,police officer,704
804,Debee,Moseley,Debee.Moseley@yopmail.com,Debee.Moseley@gmail.com,police officer,705
805,Gisela,Hashim,Gisela.Hashim@yopmail.com,Gisela.Hashim@gmail.com,developer,706
806,Nikki,Sothena,Nikki.Sothena@yopmail.com,Nikki.Sothena@gmail.com,developer,707
807,Jenda,Delila,Jenda.Delila@yopmail.com,Jenda.Delila@gmail.com,developer,708
808,Jere,Othilia,Jere.Othilia@yopmail.com,Jere.Othilia@gmail.com,police officer,709
809,Kirbee,Dreda,Kirbee.Dreda@yopmail.com,Kirbee.Dreda@gmail.com,police officer,710
810,Priscilla,Dyche,Priscilla.Dyche@yopmail.com,Priscilla.Dyche@gmail.com,developer,711
811,Kelly,Remmer,Kelly.Remmer@yopmail.com,Kelly.Remmer@gmail.com,police officer,712
812,Merci,Ethban,Merci.Ethban@yopmail.com,Merci.Ethban@gmail.com,developer,713
813,Glenda,Brittani,Glenda.Brittani@yopmail.com,Glenda.Brittani@gmail.com,developer,714
814,Aigneis,Gilbertson,Aigneis.Gilbertson@yopmail.com,Aigneis.Gilbertson@gmail.com,police officer,715
815,Mathilda,Old,Mathilda.Old@yopmail.com,Mathilda.Old@gmail.com,police officer,716
816,Lynde,Eliathas,Lynde.Eliathas@yopmail.com,Lynde.Eliathas@gmail.com,police officer,717
817,Farrah,Ochs,Farrah.Ochs@yopmail.com,Farrah.Ochs@gmail.com,firefighter,718
818,Sara-Ann,Ferino,Sara-Ann.Ferino@yopmail.com,Sara-Ann.Ferino@gmail.com,worker,719
819,Libbie,Haerr,Libbie.Haerr@yopmail.com,Libbie.Haerr@gmail.com,worker,720
820,Sam,Therine,Sam.Therine@yopmail.com,Sam.Therine@gmail.com,developer,721
821,Elie,Gilmour,Elie.Gilmour@yopmail.com,Elie.Gilmour@gmail.com,firefighter,722
822,Maridel,Vastah,Maridel.Vastah@yopmail.com,Maridel.Vastah@gmail.com,firefighter,723
823,Melisent,Harl,Melisent.Harl@yopmail.com,Melisent.Harl@gmail.com,developer,724
824,Deloria,Damarra,Deloria.Damarra@yopmail.com,Deloria.Damarra@gmail.com,police officer,725
825,Nariko,Lissi,Nariko.Lissi@yopmail.com,Nariko.Lissi@gmail.com,worker,726
826,Carilyn,Dash,Carilyn.Dash@yopmail.com,Carilyn.Dash@gmail.com,doctor,727
827,Ericka,Lareena,Ericka.Lareena@yopmail.com,Ericka.Lareena@gmail.com,firefighter,728
828,Georgina,Boehike,Georgina.Boehike@yopmail.com,Georgina.Boehike@gmail.com,firefighter,729
829,Lynea,Michella,Lynea.Michella@yopmail.com,Lynea.Michella@gmail.com,doctor,730
830,Beatriz,Reinke,Beatriz.Reinke@yopmail.com,Beatriz.Reinke@gmail.com,developer,731
831,Corry,Chinua,Corry.Chinua@yopmail.com,Corry.Chinua@gmail.com,developer,732
832,Gerrie,Mozelle,Gerrie.Mozelle@yopmail.com,Gerrie.Mozelle@gmail.com,police officer,733
833,Merci,Elbertina,Merci.Elbertina@yopmail.com,Merci.Elbertina@gmail.com,firefighter,734
834,Judy,August,Judy.August@yopmail.com,Judy.August@gmail.com,police officer,735
835,Ekaterina,Dorothy,Ekaterina.Dorothy@yopmail.com,Ekaterina.Dorothy@gmail.com,firefighter,736
836,Jaclyn,Raama,Jaclyn.Raama@yopmail.com,Jaclyn.Raama@gmail.com,doctor,737
837,Elise,Melleta,Elise.Melleta@yopmail.com,Elise.Melleta@gmail.com,worker,738
838,Elise,Gale,Elise.Gale@yopmail.com,Elise.Gale@gmail.com,police officer,739
839,Tersina,Zitvaa,Tersina.Zitvaa@yopmail.com,Tersina.Zitvaa@gmail.com,firefighter,740
840,Talya,Merell,Talya.Merell@yopmail.com,Talya.Merell@gmail.com,doctor,741
841,Jinny,Kirstin,Jinny.Kirstin@yopmail.com,Jinny.Kirstin@gmail.com,police officer,742
842,Priscilla,Couture,Priscilla.Couture@yopmail.com,Priscilla.Couture@gmail.com,firefighter,743
843,Melisent,Sallyann,Melisent.Sallyann@yopmail.com,Melisent.Sallyann@gmail.com,worker,744
844,Sean,Prober,Sean.Prober@yopmail.com,Sean.Prober@gmail.com,firefighter,745
845,Addia,Delila,Addia.Delila@yopmail.com,Addia.Delila@gmail.com,worker,746
846,Peri,Nunci,Peri.Nunci@yopmail.com,Peri.Nunci@gmail.com,doctor,747
847,Dagmar,Ellerey,Dagmar.Ellerey@yopmail.com,Dagmar.Ellerey@gmail.com,developer,748
848,Eolanda,Edee,Eolanda.Edee@yopmail.com,Eolanda.Edee@gmail.com,police officer,749
849,Nessie,Audly,Nessie.Audly@yopmail.com,Nessie.Audly@gmail.com,developer,750
850,Kimmy,Cynar,Kimmy.Cynar@yopmail.com,Kimmy.Cynar@gmail.com,firefighter,751
851,Ebonee,Cornelia,Ebonee.Cornelia@yopmail.com,Ebonee.Cornelia@gmail.com,doctor,752
852,Mildrid,Geffner,Mildrid.Geffner@yopmail.com,Mildrid.Geffner@gmail.com,developer,753
853,Joeann,Bluh,Joeann.Bluh@yopmail.com,Joeann.Bluh@gmail.com,police officer,754
854,Maisey,Hanleigh,Maisey.Hanleigh@yopmail.com,Maisey.Hanleigh@gmail.com,police officer,755
855,Elka,Carri,Elka.Carri@yopmail.com,Elka.Carri@gmail.com,firefighter,756
856,Kirbee,Chandler,Kirbee.Chandler@yopmail.com,Kirbee.Chandler@gmail.com,firefighter,757
857,Zsa Zsa,Millda,Zsa Zsa.Millda@yopmail.com,Zsa Zsa.Millda@gmail.com,doctor,758
858,Arlena,Giff,Arlena.Giff@yopmail.com,Arlena.Giff@gmail.com,police officer,759
859,Emylee,Joseph,Emylee.Joseph@yopmail.com,Emylee.Joseph@gmail.com,worker,760
860,Brandise,Gwenore,Brandise.Gwenore@yopmail.com,Brandise.Gwenore@gmail.com,firefighter,761
861,Caressa,Nea,Caressa.Nea@yopmail.com,Caressa.Nea@gmail.com,firefighter,762
862,Modestia,Pettiford,Modestia.Pettiford@yopmail.com,Modestia.Pettiford@gmail.com,developer,763
863,Layla,Fosque,Layla.Fosque@yopmail.com,Layla.Fosque@gmail.com,worker,764
864,Charissa,Oscar,Charissa.Oscar@yopmail.com,Charissa.Oscar@gmail.com,developer,765
865,Flo,Raimondo,Flo.Raimondo@yopmail.com,Flo.Raimondo@gmail.com,firefighter,766
866,Kittie,Avi,Kittie.Avi@yopmail.com,Kittie.Avi@gmail.com,worker,767
867,Ingrid,Durware,Ingrid.Durware@yopmail.com,Ingrid.Durware@gmail.com,developer,768
868,Desirae,Urias,Desirae.Urias@yopmail.com,Desirae.Urias@gmail.com,worker,769
869,Belva,Leler,Belva.Leler@yopmail.com,Belva.Leler@gmail.com,police officer,770
870,Deedee,Buffum,Deedee.Buffum@yopmail.com,Deedee.Buffum@gmail.com,firefighter,771
871,Aryn,Chabot,Aryn.Chabot@yopmail.com,Aryn.Chabot@gmail.com,firefighter,772
872,Alyssa,Raimondo,Alyssa.Raimondo@yopmail.com,Alyssa.Raimondo@gmail.com,worker,773
873,Carilyn,Ashok,Carilyn.Ashok@yopmail.com,Carilyn.Ashok@gmail.com,developer,774
874,Adele,Mullane,Adele.Mullane@yopmail.com,Adele.Mullane@gmail.com,developer,775
875,Henriette,Wu,Henriette.Wu@yopmail.com,Henriette.Wu@gmail.com,worker,776
876,Kerrin,Marlie,Kerrin.Marlie@yopmail.com,Kerrin.Marlie@gmail.com,worker,777
877,Gerianna,Ortrude,Gerianna.Ortrude@yopmail.com,Gerianna.Ortrude@gmail.com,worker,778
878,Fredericka,Margret,Fredericka.Margret@yopmail.com,Fredericka.Margret@gmail.com,police officer,779
879,Aryn,Bryna,Aryn.Bryna@yopmail.com,Aryn.Bryna@gmail.com,police officer,780
880,Leanna,Luhe,Leanna.Luhe@yopmail.com,Leanna.Luhe@gmail.com,developer,781
881,Ariela,Leary,Ariela.Leary@yopmail.com,Ariela.Leary@gmail.com,worker,782
882,Ethel,Loeb,Ethel.Loeb@yopmail.com,Ethel.Loeb@gmail.com,worker,783
883,Vonny,Wooster,Vonny.Wooster@yopmail.com,Vonny.Wooster@gmail.com,doctor,784
884,Tami,Lamoree,Tami.Lamoree@yopmail.com,Tami.Lamoree@gmail.com,worker,785
885,Jennica,Othilia,Jennica.Othilia@yopmail.com,Jennica.Othilia@gmail.com,doctor,786
886,Rayna,Lattie,Rayna.Lattie@yopmail.com,Rayna.Lattie@gmail.com,worker,787
887,Ayn,Ball,Ayn.Ball@yopmail.com,Ayn.Ball@gmail.com,police officer,788
888,Lanna,Ricki,Lanna.Ricki@yopmail.com,Lanna.Ricki@gmail.com,police officer,789
889,Cathie,Si,Cathie.Si@yopmail.com,Cathie.Si@gmail.com,developer,790
890,Korrie,Eldrid,Korrie.Eldrid@yopmail.com,Korrie.Eldrid@gmail.com,worker,791
891,Liana,Zrike,Liana.Zrike@yopmail.com,Liana.Zrike@gmail.com,worker,792
892,Merle,Screens,Merle.Screens@yopmail.com,Merle.Screens@gmail.com,firefighter,793
893,Raquela,Ulphia,Raquela.Ulphia@yopmail.com,Raquela.Ulphia@gmail.com,police officer,794
894,Anthia,Fitzsimmons,Anthia.Fitzsimmons@yopmail.com,Anthia.Fitzsimmons@gmail.com,worker,795
895,Trixi,Craggie,Trixi.Craggie@yopmail.com,Trixi.Craggie@gmail.com,firefighter,796
896,Eadie,Cutlerr,Eadie.Cutlerr@yopmail.com,Eadie.Cutlerr@gmail.com,doctor,797
897,Madalyn,Dimitris,Madalyn.Dimitris@yopmail.com,Madalyn.Dimitris@gmail.com,doctor,798
898,Daryl,Tybald,Daryl.Tybald@yopmail.com,Daryl.Tybald@gmail.com,doctor,799
899,Sallie,Kathie,Sallie.Kathie@yopmail.com,Sallie.Kathie@gmail.com,firefighter,800
900,Sidoney,Tristram,Sidoney.Tristram@yopmail.com,Sidoney.Tristram@gmail.com,doctor,801
901,Alie,Monaco,Alie.Monaco@yopmail.com,Alie.Monaco@gmail.com,developer,802
902,Aaren,Fredi,Aaren.Fredi@yopmail.com,Aaren.Fredi@gmail.com,police officer,803
903,Tani,Baylor,Tani.Baylor@yopmail.com,Tani.Baylor@gmail.com,firefighter,804
904,Suzette,Skurnik,Suzette.Skurnik@yopmail.com,Suzette.Skurnik@gmail.com,developer,805
905,Liana,Fink,Liana.Fink@yopmail.com,Liana.Fink@gmail.com,police officer,806
906,Britte,Peg,Britte.Peg@yopmail.com,Britte.Peg@gmail.com,worker,807
907,Julieta,Freddi,Julieta.Freddi@yopmail.com,Julieta.Freddi@gmail.com,developer,808
908,Bettine,Kimmie,Bettine.Kimmie@yopmail.com,Bettine.Kimmie@gmail.com,police officer,809
909,Vere,Berl,Vere.Berl@yopmail.com,Vere.Berl@gmail.com,firefighter,810
910,Harmonia,Stephie,Harmonia.Stephie@yopmail.com,Harmonia.Stephie@gmail.com,firefighter,811
911,Liana,Hathaway,Liana.Hathaway@yopmail.com,Liana.Hathaway@gmail.com,doctor,812
912,Zsa Zsa,Oneida,Zsa Zsa.Oneida@yopmail.com,Zsa Zsa.Oneida@gmail.com,firefighter,813
913,Jasmina,Hull,Jasmina.Hull@yopmail.com,Jasmina.Hull@gmail.com,police officer,814
914,Vevay,Marlie,Vevay.Marlie@yopmail.com,Vevay.Marlie@gmail.com,developer,815
915,Jorry,Joachim,Jorry.Joachim@yopmail.com,Jorry.Joachim@gmail.com,police officer,816
916,Etta,Ophelia,Etta.Ophelia@yopmail.com,Etta.Ophelia@gmail.com,firefighter,817
917,Nessie,Heisel,Nessie.Heisel@yopmail.com,Nessie.Heisel@gmail.com,developer,818
918,Antonietta,Percy,Antonietta.Percy@yopmail.com,Antonietta.Percy@gmail.com,developer,819
919,Madelle,Ortrude,Madelle.Ortrude@yopmail.com,Madelle.Ortrude@gmail.com,doctor,820
920,Kathi,Means,Kathi.Means@yopmail.com,Kathi.Means@gmail.com,firefighter,821
921,Bettine,Elisha,Bettine.Elisha@yopmail.com,Bettine.Elisha@gmail.com,police officer,822
922,Cristabel,Hirsch,Cristabel.Hirsch@yopmail.com,Cristabel.Hirsch@gmail.com,worker,823
923,Karolina,Bandeen,Karolina.Bandeen@yopmail.com,Karolina.Bandeen@gmail.com,doctor,824
924,Susan,Margarete,Susan.Margarete@yopmail.com,Susan.Margarete@gmail.com,police officer,825
925,Kathy,Fink,Kathy.Fink@yopmail.com,Kathy.Fink@gmail.com,developer,826
926,Marita,Karl,Marita.Karl@yopmail.com,Marita.Karl@gmail.com,police officer,827
927,Queenie,Sasnett,Queenie.Sasnett@yopmail.com,Queenie.Sasnett@gmail.com,developer,828
928,Lulita,Freddi,Lulita.Freddi@yopmail.com,Lulita.Freddi@gmail.com,doctor,829
929,Alejandra,Anderea,Alejandra.Anderea@yopmail.com,Alejandra.Anderea@gmail.com,worker,830
930,Latisha,McLaughlin,Latisha.McLaughlin@yopmail.com,Latisha.McLaughlin@gmail.com,police officer,831
931,Renae,Chaing,Renae.Chaing@yopmail.com,Renae.Chaing@gmail.com,developer,832
932,Lila,Tannie,Lila.Tannie@yopmail.com,Lila.Tannie@gmail.com,developer,833
933,Florie,Rona,Florie.Rona@yopmail.com,Florie.Rona@gmail.com,firefighter,834
934,Deloria,Cimbura,Deloria.Cimbura@yopmail.com,Deloria.Cimbura@gmail.com,developer,835
935,Cindelyn,Elsinore,Cindelyn.Elsinore@yopmail.com,Cindelyn.Elsinore@gmail.com,police officer,836
936,Sibella,Penelopa,Sibella.Penelopa@yopmail.com,Sibella.Penelopa@gmail.com,worker,837
937,Margette,Larochelle,Margette.Larochelle@yopmail.com,Margette.Larochelle@gmail.com,developer,838
938,Pierette,Taima,Pierette.Taima@yopmail.com,Pierette.Taima@gmail.com,firefighter,839
939,Berget,Cecile,Berget.Cecile@yopmail.com,Berget.Cecile@gmail.com,police officer,840
940,Ursulina,Nore,Ursulina.Nore@yopmail.com,Ursulina.Nore@gmail.com,doctor,841
941,Carly,Thornburg,Carly.Thornburg@yopmail.com,Carly.Thornburg@gmail.com,police officer,842
942,Morganica,Sacken,Morganica.Sacken@yopmail.com,Morganica.Sacken@gmail.com,police officer,843
943,Lolita,Vastah,Lolita.Vastah@yopmail.com,Lolita.Vastah@gmail.com,developer,844
944,Gerrie,Shuler,Gerrie.Shuler@yopmail.com,Gerrie.Shuler@gmail.com,firefighter,845
945,Flory,Moseley,Flory.Moseley@yopmail.com,Flory.Moseley@gmail.com,developer,846
946,Tressa,Tatianas,Tressa.Tatianas@yopmail.com,Tressa.Tatianas@gmail.com,worker,847
947,Selia,Amethist,Selia.Amethist@yopmail.com,Selia.Amethist@gmail.com,doctor,848
948,Dulce,Atcliffe,Dulce.Atcliffe@yopmail.com,Dulce.Atcliffe@gmail.com,developer,849
949,Talya,Gahl,Talya.Gahl@yopmail.com,Talya.Gahl@gmail.com,firefighter,850
950,Deirdre,Presber,Deirdre.Presber@yopmail.com,Deirdre.Presber@gmail.com,doctor,851
951,Carmencita,Delacourt,Carmencita.Delacourt@yopmail.com,Carmencita.Delacourt@gmail.com,doctor,852
952,Pamella,Sheedy,Pamella.Sheedy@yopmail.com,Pamella.Sheedy@gmail.com,developer,853
953,Merrie,Dominy,Merrie.Dominy@yopmail.com,Merrie.Dominy@gmail.com,doctor,854
954,Ana,Solitta,Ana.Solitta@yopmail.com,Ana.Solitta@gmail.com,worker,855
955,Frieda,Delila,Frieda.Delila@yopmail.com,Frieda.Delila@gmail.com,developer,856
956,Misha,Ralfston,Misha.Ralfston@yopmail.com,Misha.Ralfston@gmail.com,developer,857
957,Yvonne,Francene,Yvonne.Francene@yopmail.com,Yvonne.Francene@gmail.com,worker,858
958,Modestia,Anderea,Modestia.Anderea@yopmail.com,Modestia.Anderea@gmail.com,firefighter,859
959,Linet,Wallis,Linet.Wallis@yopmail.com,Linet.Wallis@gmail.com,doctor,860
960,Aurelie,Johanna,Aurelie.Johanna@yopmail.com,Aurelie.Johanna@gmail.com,developer,861
961,Meghann,Hortensia,Meghann.Hortensia@yopmail.com,Meghann.Hortensia@gmail.com,worker,862
962,Oralee,Jacobah,Oralee.Jacobah@yopmail.com,Oralee.Jacobah@gmail.com,worker,863
963,Joceline,Klotz,Joceline.Klotz@yopmail.com,Joceline.Klotz@gmail.com,worker,864
964,Viviene,Loleta,Viviene.Loleta@yopmail.com,Viviene.Loleta@gmail.com,developer,865
965,Rori,Pearse,Rori.Pearse@yopmail.com,Rori.Pearse@gmail.com,developer,866
966,Roseline,Henrie,Roseline.Henrie@yopmail.com,Roseline.Henrie@gmail.com,police officer,867
967,Molli,Pond,Molli.Pond@yopmail.com,Molli.Pond@gmail.com,worker,868
968,Clarice,Melony,Clarice.Melony@yopmail.com,Clarice.Melony@gmail.com,worker,869
969,Pearline,Bettine,Pearline.Bettine@yopmail.com,Pearline.Bettine@gmail.com,worker,870
970,Sophia,Arvo,Sophia.Arvo@yopmail.com,Sophia.Arvo@gmail.com,worker,871
971,Sharlene,Georgy,Sharlene.Georgy@yopmail.com,Sharlene.Georgy@gmail.com,doctor,872
972,Atlanta,Glenden,Atlanta.Glenden@yopmail.com,Atlanta.Glenden@gmail.com,worker,873
973,Michaelina,Bronk,Michaelina.Bronk@yopmail.com,Michaelina.Bronk@gmail.com,police officer,874
974,Helsa,Raseda,Helsa.Raseda@yopmail.com,Helsa.Raseda@gmail.com,worker,875
975,Gavrielle,Toni,Gavrielle.Toni@yopmail.com,Gavrielle.Toni@gmail.com,firefighter,876
976,Letizia,Ephrem,Letizia.Ephrem@yopmail.com,Letizia.Ephrem@gmail.com,doctor,877
977,Alyda,Zina,Alyda.Zina@yopmail.com,Alyda.Zina@gmail.com,doctor,878
978,Riannon,Etom,Riannon.Etom@yopmail.com,Riannon.Etom@gmail.com,firefighter,879
979,Dulcinea,Merriott,Dulcinea.Merriott@yopmail.com,Dulcinea.Merriott@gmail.com,doctor,880
980,Tilly,Leler,Tilly.Leler@yopmail.com,Tilly.Leler@gmail.com,firefighter,881
981,Lauryn,Emanuel,Lauryn.Emanuel@yopmail.com,Lauryn.Emanuel@gmail.com,firefighter,882
982,Flo,Baptlsta,Flo.Baptlsta@yopmail.com,Flo.Baptlsta@gmail.com,developer,883
983,Cissiee,Grosz,Cissiee.Grosz@yopmail.com,Cissiee.Grosz@gmail.com,firefighter,884
984,Jany,Peti,Jany.Peti@yopmail.com,Jany.Peti@gmail.com,police officer,885
985,Mallory,Joachim,Mallory.Joachim@yopmail.com,Mallory.Joachim@gmail.com,developer,886
986,Christian,Redmond,Christian.Redmond@yopmail.com,Christian.Redmond@gmail.com,developer,887
987,Kate,Burch,Kate.Burch@yopmail.com,Kate.Burch@gmail.com,doctor,888
988,Emelina,Sundin,Emelina.Sundin@yopmail.com,Emelina.Sundin@gmail.com,doctor,889
989,Leanna,Randene,Leanna.Randene@yopmail.com,Leanna.Randene@gmail.com,police officer,890
990,Minne,Ashok,Minne.Ashok@yopmail.com,Minne.Ashok@gmail.com,firefighter,891
991,Gui,Tryck,Gui.Tryck@yopmail.com,Gui.Tryck@gmail.com,worker,892
992,Jsandye,Leonard,Jsandye.Leonard@yopmail.com,Jsandye.Leonard@gmail.com,police officer,893
993,Ardenia,Slifka,Ardenia.Slifka@yopmail.com,Ardenia.Slifka@gmail.com,firefighter,894
994,Bee,Emmaline,Bee.Emmaline@yopmail.com,Bee.Emmaline@gmail.com,worker,895
995,Bertine,Harl,Bertine.Harl@yopmail.com,Bertine.Harl@gmail.com,worker,896
996,Ada,Marcellus,Ada.Marcellus@yopmail.com,Ada.Marcellus@gmail.com,police officer,897
997,Phedra,Elo,Phedra.Elo@yopmail.com,Phedra.Elo@gmail.com,developer,898
998,Zondra,Anderea,Zondra.Anderea@yopmail.com,Zondra.Anderea@gmail.com,worker,899
999,Letizia,Pernick,Letizia.Pernick@yopmail.com,Letizia.Pernick@gmail.com,developer,900
1000,Shel,Tjon,Shel.Tjon@yopmail.com,Shel.Tjon@gmail.com,worker,901
1001,Rosanne,Chem,Rosanne.Chem@yopmail.com,Rosanne.Chem@gmail.com,worker,902
1002,Lanna,Docilla,Lanna.Docilla@yopmail.com,Lanna.Docilla@gmail.com,police officer,903
1003,Edith,Joli,Edith.Joli@yopmail.com,Edith.Joli@gmail.com,worker,904
1004,Chandra,Dalli,Chandra.Dalli@yopmail.com,Chandra.Dalli@gmail.com,worker,905
1005,Agnese,Doig,Agnese.Doig@yopmail.com,Agnese.Doig@gmail.com,police officer,906
1006,Petronia,Faro,Petronia.Faro@yopmail.com,Petronia.Faro@gmail.com,developer,907
1007,Quintina,Marlie,Quintina.Marlie@yopmail.com,Quintina.Marlie@gmail.com,worker,908
1008,Gretal,Marcellus,Gretal.Marcellus@yopmail.com,Gretal.Marcellus@gmail.com,doctor,909
1009,Teriann,Damarra,Teriann.Damarra@yopmail.com,Teriann.Damarra@gmail.com,police officer,910
1010,Leontine,Carri,Leontine.Carri@yopmail.com,Leontine.Carri@gmail.com,firefighter,911
1011,Vanessa,Macey,Vanessa.Macey@yopmail.com,Vanessa.Macey@gmail.com,developer,912
1012,Tracey,Taima,Tracey.Taima@yopmail.com,Tracey.Taima@gmail.com,firefighter,913
1013,Cristine,Meter,Cristine.Meter@yopmail.com,Cristine.Meter@gmail.com,developer,914
1014,Drucie,Bahr,Drucie.Bahr@yopmail.com,Drucie.Bahr@gmail.com,doctor,915
1015,Melanie,Soneson,Melanie.Soneson@yopmail.com,Melanie.Soneson@gmail.com,doctor,916
1016,Anica,Kiersten,Anica.Kiersten@yopmail.com,Anica.Kiersten@gmail.com,worker,917
1017,Norine,Goldina,Norine.Goldina@yopmail.com,Norine.Goldina@gmail.com,police officer,918
1018,Roz,Dreda,Roz.Dreda@yopmail.com,Roz.Dreda@gmail.com,firefighter,919
1019,Christy,Vivle,Christy.Vivle@yopmail.com,Christy.Vivle@gmail.com,doctor,920
1020,Kaia,Kenwood,Kaia.Kenwood@yopmail.com,Kaia.Kenwood@gmail.com,doctor,921
1021,Dode,Alrich,Dode.Alrich@yopmail.com,Dode.Alrich@gmail.com,developer,922
1022,Daphne,Bonucci,Daphne.Bonucci@yopmail.com,Daphne.Bonucci@gmail.com,police officer,923
1023,Kathy,Olympium,Kathy.Olympium@yopmail.com,Kathy.Olympium@gmail.com,worker,924
1024,Dorothy,Rudolph,Dorothy.Rudolph@yopmail.com,Dorothy.Rudolph@gmail.com,developer,925
1025,Karlee,Howlyn,Karlee.Howlyn@yopmail.com,Karlee.Howlyn@gmail.com,doctor,926
1026,Sarette,Zetta,Sarette.Zetta@yopmail.com,Sarette.Zetta@gmail.com,developer,927
1027,Sadie,Wandie,Sadie.Wandie@yopmail.com,Sadie.Wandie@gmail.com,worker,928
1028,Wendi,Oster,Wendi.Oster@yopmail.com,Wendi.Oster@gmail.com,firefighter,929
1029,Netty,Mandler,Netty.Mandler@yopmail.com,Netty.Mandler@gmail.com,police officer,930
1030,Vinita,Chrystel,Vinita.Chrystel@yopmail.com,Vinita.Chrystel@gmail.com,developer,931
1031,Sybille,Flita,Sybille.Flita@yopmail.com,Sybille.Flita@gmail.com,worker,932
1032,Arabel,Duwalt,Arabel.Duwalt@yopmail.com,Arabel.Duwalt@gmail.com,police officer,933
1033,Kial,Stephie,Kial.Stephie@yopmail.com,Kial.Stephie@gmail.com,developer,934
1034,Binny,Mullane,Binny.Mullane@yopmail.com,Binny.Mullane@gmail.com,developer,935
1035,Orelia,Schalles,Orelia.Schalles@yopmail.com,Orelia.Schalles@gmail.com,police officer,936
1036,Elka,Ilka,Elka.Ilka@yopmail.com,Elka.Ilka@gmail.com,developer,937
1037,Aigneis,Phaidra,Aigneis.Phaidra@yopmail.com,Aigneis.Phaidra@gmail.com,worker,938
1038,Sherrie,Zenas,Sherrie.Zenas@yopmail.com,Sherrie.Zenas@gmail.com,developer,939
1039,Joane,Bronk,Joane.Bronk@yopmail.com,Joane.Bronk@gmail.com,firefighter,940
1040,Lanna,Maribeth,Lanna.Maribeth@yopmail.com,Lanna.Maribeth@gmail.com,worker,941
1041,Deedee,Tarrant,Deedee.Tarrant@yopmail.com,Deedee.Tarrant@gmail.com,worker,942
1042,Bibby,Yorick,Bibby.Yorick@yopmail.com,Bibby.Yorick@gmail.com,firefighter,943
1043,Coral,Thema,Coral.Thema@yopmail.com,Coral.Thema@gmail.com,doctor,944
1044,Rori,Cutlerr,Rori.Cutlerr@yopmail.com,Rori.Cutlerr@gmail.com,worker,945
1045,Augustine,Lamoree,Augustine.Lamoree@yopmail.com,Augustine.Lamoree@gmail.com,developer,946
1046,Raina,Longfellow,Raina.Longfellow@yopmail.com,Raina.Longfellow@gmail.com,police officer,947
1047,Yvonne,Hutchison,Yvonne.Hutchison@yopmail.com,Yvonne.Hutchison@gmail.com,developer,948
1048,Merry,Thilda,Merry.Thilda@yopmail.com,Merry.Thilda@gmail.com,firefighter,949
1049,Tomasina,Auberbach,Tomasina.Auberbach@yopmail.com,Tomasina.Auberbach@gmail.com,firefighter,950
1050,Nariko,Bonilla,Nariko.Bonilla@yopmail.com,Nariko.Bonilla@gmail.com,developer,951
1051,Tarra,Haymes,Tarra.Haymes@yopmail.com,Tarra.Haymes@gmail.com,worker,952
1052,Georgina,Silvan,Georgina.Silvan@yopmail.com,Georgina.Silvan@gmail.com,police officer,953
1053,Giustina,Hashim,Giustina.Hashim@yopmail.com,Giustina.Hashim@gmail.com,firefighter,954
1054,Lilith,Stoller,Lilith.Stoller@yopmail.com,Lilith.Stoller@gmail.com,firefighter,955
1055,Fred,Morrill,Fred.Morrill@yopmail.com,Fred.Morrill@gmail.com,doctor,956
1056,Pearline,Sherrie,Pearline.Sherrie@yopmail.com,Pearline.Sherrie@gmail.com,firefighter,957
1057,Lanna,Atonsah,Lanna.Atonsah@yopmail.com,Lanna.Atonsah@gmail.com,police officer,958
1058,Dulce,Jobi,Dulce.Jobi@yopmail.com,Dulce.Jobi@gmail.com,worker,959
1059,Aigneis,Braun,Aigneis.Braun@yopmail.com,Aigneis.Braun@gmail.com,police officer,960
1060,Dorice,Mott,Dorice.Mott@yopmail.com,Dorice.Mott@gmail.com,worker,961
1061,Meriel,Kristi,Meriel.Kristi@yopmail.com,Meriel.Kristi@gmail.com,worker,962
1062,Frank,Boycey,Frank.Boycey@yopmail.com,Frank.Boycey@gmail.com,doctor,963
1063,Ronna,Center,Ronna.Center@yopmail.com,Ronna.Center@gmail.com,worker,964
1064,Raf,Delacourt,Raf.Delacourt@yopmail.com,Raf.Delacourt@gmail.com,police officer,965
1065,Renae,Freddi,Renae.Freddi@yopmail.com,Renae.Freddi@gmail.com,doctor,966
1066,Candy,Garek,Candy.Garek@yopmail.com,Candy.Garek@gmail.com,firefighter,967
1067,Jemie,Celestine,Jemie.Celestine@yopmail.com,Jemie.Celestine@gmail.com,developer,968
1068,Olivette,Longfellow,Olivette.Longfellow@yopmail.com,Olivette.Longfellow@gmail.com,firefighter,969
1069,Anica,Charity,Anica.Charity@yopmail.com,Anica.Charity@gmail.com,doctor,970
1070,Jenilee,Flita,Jenilee.Flita@yopmail.com,Jenilee.Flita@gmail.com,worker,971
1071,Dolli,Merat,Dolli.Merat@yopmail.com,Dolli.Merat@gmail.com,worker,972
1072,Aurelie,Newell,Aurelie.Newell@yopmail.com,Aurelie.Newell@gmail.com,developer,973
1073,Emylee,Girardo,Emylee.Girardo@yopmail.com,Emylee.Girardo@gmail.com,worker,974
1074,Mathilda,Jorgan,Mathilda.Jorgan@yopmail.com,Mathilda.Jorgan@gmail.com,developer,975
1075,Sean,Faust,Sean.Faust@yopmail.com,Sean.Faust@gmail.com,worker,976
1076,Amalie,Hewitt,Amalie.Hewitt@yopmail.com,Amalie.Hewitt@gmail.com,doctor,977
1077,Ilse,Kauppi,Ilse.Kauppi@yopmail.com,Ilse.Kauppi@gmail.com,worker,978
1078,Robinia,Gherardo,Robinia.Gherardo@yopmail.com,Robinia.Gherardo@gmail.com,firefighter,979
1079,Hettie,Pauly,Hettie.Pauly@yopmail.com,Hettie.Pauly@gmail.com,firefighter,980
1080,Nonnah,Lia,Nonnah.Lia@yopmail.com,Nonnah.Lia@gmail.com,firefighter,981
1081,Melisent,Horan,Melisent.Horan@yopmail.com,Melisent.Horan@gmail.com,police officer,982
1082,Corina,Ledah,Corina.Ledah@yopmail.com,Corina.Ledah@gmail.com,doctor,983
1083,Cordi,Anyah,Cordi.Anyah@yopmail.com,Cordi.Anyah@gmail.com,police officer,984
1084,Anallese,Wildermuth,Anallese.Wildermuth@yopmail.com,Anallese.Wildermuth@gmail.com,doctor,985
1085,Lacie,Cherianne,Lacie.Cherianne@yopmail.com,Lacie.Cherianne@gmail.com,worker,986
1086,Joeann,Fitzsimmons,Joeann.Fitzsimmons@yopmail.com,Joeann.Fitzsimmons@gmail.com,doctor,987
1087,Alameda,Calhoun,Alameda.Calhoun@yopmail.com,Alameda.Calhoun@gmail.com,firefighter,988
1088,Taffy,Linskey,Taffy.Linskey@yopmail.com,Taffy.Linskey@gmail.com,worker,989
1089,Emma,Lareena,Emma.Lareena@yopmail.com,Emma.Lareena@gmail.com,police officer,990
1090,Vevay,Zina,Vevay.Zina@yopmail.com,Vevay.Zina@gmail.com,doctor,991
1091,Kenna,Ahab,Kenna.Ahab@yopmail.com,Kenna.Ahab@gmail.com,firefighter,992
1092,Frances,Jena,Frances.Jena@yopmail.com,Frances.Jena@gmail.com,firefighter,993
1093,Miquela,Charity,Miquela.Charity@yopmail.com,Miquela.Charity@gmail.com,firefighter,994
1094,Dania,Meter,Dania.Meter@yopmail.com,Dania.Meter@gmail.com,developer,995
1095,Yetty,Sancho,Yetty.Sancho@yopmail.com,Yetty.Sancho@gmail.com,firefighter,996
1096,Wendi,Duwalt,Wendi.Duwalt@yopmail.com,Wendi.Duwalt@gmail.com,worker,997
1097,Ezmeralda,Cleo,Ezmeralda.Cleo@yopmail.com,Ezmeralda.Cleo@gmail.com,doctor,998
1098,Ernesta,Freddi,Ernesta.Freddi@yopmail.com,Ernesta.Freddi@gmail.com,worker,999
1099,Lucille,Prober,Lucille.Prober@yopmail.com,Lucille.Prober@gmail.com,developer,1000